season_id,title,score,eps,area,status,styles
39308,开心锤锤,6.0,1393,中国,更新至第1393话,
28747,凡人修仙传,9.7,176,中国,更新至第176话,
34149,我是不白吃,9.3,1034,中国,更新至第1034话,
42073,小魔国漫大百科,9.4,609,中国,更新至第609话,
40551,奶龙,0.0,150,中国,全150话,
39340,小品一家人,0.0,500,中国,全500话,
45969,牧神记,9.6,85,中国,更新至第85话,
38436,元气食堂,9.5,354,中国,更新至第354话,
41890,面膜妈妈养娃,0.0,0,中国,,
38147,黄逗菌,9.1,50,中国,全50话,
24298,非人哉,9.8,96,中国,全96话,
2543,狐妖小红娘,9.5,100,中国,全100话,
26015,王者？别闹！,9.2,86,中国,更新至第86话,
1733,罗小黑战记,9.9,43,中国,全43话,
45327,虫小绿历史为什么,0.0,506,中国,更新至第506话,
26257,三体,8.2,15,中国,全15话,
35213,永生,8.6,82,中国,全82话,
39395,大神探诸葛九九,0.0,500,中国,全500话,
22088,灵笼 第一季,9.6,16,中国,全16话,
44872,宝宝巴士儿歌3D版,8.1,200,中国,全200话,
40731,MR.BONE,9.6,0,中国,,
44176,伍六七之暗影宿命,9.2,10,中国,全10话,
28763,天官赐福,8.9,12,中国,全12话,
26194,仙王的日常生活,4.7,15,中国,全15话,
3863,镇魂街 第一季,9.1,24,中国,全24话,
39111,一口小鸭梨,7.6,100,中国,全100话,
36594,伍六七之玄武国篇,9.8,10,中国,全10话,
39947,有兽焉,9.8,60,中国,全60话,
41889,快把舅舅带走,0.0,0,中国,,
6402,一人之下 第二季,9.5,24,中国,全24话,
38755,铁头与橘子,0.0,199,中国,全199话,
35220,时光代理人,9.8,12,中国,全12话,
33323,雾山五行,9.9,7,中国,全7话,
26311,凹凸世界 第三季,9.4,40,中国,全40话,
26266,元龙,8.9,16,中国,全16话,
39696,仙王的日常生活 第三季,7.8,12,中国,全12话,
48518,宗门里除了我都是卧底,0.0,152,中国,全152话,
5626,镇魂街 第二季,7.4,10,中国,全10话,
6360,伍六七,9.8,13,中国,全13话,
28510,伍六七之最强发型师,9.8,10,中国,全10话,
38368,小狮子赛几,9.5,104,中国,全104话,
35201,仙王的日常生活 第二季,6.8,12,中国,全12话,
39386,飞狗MOCO,7.5,100,中国,全100话,
46585,灵笼 第二季,9.8,12,中国,全12话,
48315,伍六七之记忆碎片,7.7,10,中国,全10话,
39707,中国奇谭,9.9,8,中国,全8话,
39394,无限吃鸡小队 第二季,2.7,500,中国,全500话,
28761,少年歌行 风花雪月篇,8.5,33,中国,全33话,
28757,两不疑,9.6,24,中国,全24话,
43554,凸变英雄X,9.5,24,中国,全24话,
43547,镇魂街 第三季,9.7,16,中国,全16话,
33725,獭獭突然想到,9.7,24,中国,全24话,
35202,元龙 第二季,6.6,16,中国,全16话,
40720,猪屁登,0.0,500,中国,全500话,
105244,王蓝莓搞笑一家人,9.2,79,中国,全79话,
1689,那年那兔那些事儿 第一季,9.7,12,中国,全12话,
5050,一人之下,9.3,12,中国,全12话,
21911,我家大师兄脑子有坑,9.4,26,中国,全26话,
105231,王蓝莓的搞笑日常,9.5,69,中国,全69话,
41553,无限王者小队,2.5,0,中国,,
28758,猫之茗,9.8,40,中国,全40话,
39666,时光代理人 第二季,9.1,12,中国,全12话,
32321,大理寺日志,9.8,12,中国,全12话,
48578,镇魂街 第四季,9.8,26,中国,全26话,
24608,少年歌行,9.5,26,中国,全26话,
42009,这里是峡谷公寓,0.0,56,中国,全56话,
26193,百妖谱,9.4,12,中国,全12话,
41187,小小朱历史课,8.8,302,中国,更新至第302话,
41393,凹凸世界 第四季,8.6,20,中国,全20话,
105121,王蓝莓的童年时光,9.3,35,中国,全35话,
37558,逗酱萌鸭的睡前小故事,8.1,182,中国,全182话,
25469,如果历史是一群喵 1-3季,9.7,38,中国,全38话,
2967,那年那兔那些事儿 第二季,9.6,12,中国,全12话,
3043,凹凸世界 第一季,8.8,32,中国,全32话,
39722,两不疑 第二季,9.8,24,中国,全24话,
39659,第一序列,9.6,16,中国,全16话,
39706,元龙 第三季,6.8,16,中国,全16话,
5559,那年那兔那些事儿 第三季,9.6,12,中国,全12话,
6159,妖神记,7.8,120,中国,全120话,
39457,不白吃话山海经,9.3,41,中国,全41话,
26196,我家大师兄是个反派,9.0,13,中国,全13话,
32544,喜羊羊与灰太狼之羊村守护者,9.8,60,中国,全60话,
41445,小狮子赛几 第2季,9.6,104,中国,全104话,
2647,口水三国,8.5,124,中国,全124话,
27796,阿衰,7.1,34,中国,全34话,
5885,京剧猫,9.8,60,中国,全60话,
48416,哪吒之魔童闹海,9.8,0,中国,2025年1月29日上映,
41527,叽歪老表,4.6,0,中国,,
39688,君有云,9.1,24,中国,全24话,
25346,京剧猫 第三季,9.9,52,中国,全52话,
43340,仙王的日常生活 第四季,8.5,12,中国,全12话,
26232,天宝伏妖录,9.6,13,中国,全13话,
45734,少年歌行 海外仙山篇,8.1,26,中国,全26话,
25813,萌妻食神,9.3,36,中国,全36话,
45197,哈小浪之超时空星战,0.0,30,中国,全30话,
39661,百妖谱·京师篇,9.8,12,中国,全12话,
25567,通灵妃,8.8,16,中国,全16话,
47144,熊出没,9.7,52,中国,全52话,
5839,一禅小和尚,8.7,100,中国,全100话,
28751,火凤燎原,9.6,16,中国,全16话,
33962,阿衰 第三季,8.6,34,中国,全34话,
48143,时光代理人 英都篇,9.3,6,中国,全6话,
28770,我的三体之章北海传,9.9,9,中国,全9话,
24438,小绿和小蓝,9.7,72,中国,全72话,
35195,百妖谱 第二季,9.2,12,中国,全12话,
96881,开心锤锤世界,9.1,56,中国,更新至第56话,
47853,喜羊羊与灰太狼,9.8,530,中国,全530话,
6038,风灵玉秀,9.8,26,中国,全26话,
47348,非人哉 第二季,9.7,25,中国,全25话,
28541,那年那兔那些事儿 第五季,9.6,11,中国,全11话,
26228,汉化日记,9.8,12,中国,全12话,
24267,剑网3·侠肝义胆沈剑心,9.8,12,中国,全12话,
39664,无限世界,8.1,16,中国,全16话,
6352,凹凸世界 第二季,9.0,20,中国,全20话,
34617,京剧猫 第四季,9.9,26,中国,全26话,
38029,阿衰 第四季,9.1,34,中国,全34话,
39695,靠你啦！战神系统,9.5,16,中国,全16话,
660,十万个冷笑话 第一季,9.0,8,中国,全8话,
101854,非人哉 第三季,9.8,18,中国,更新至第18话,
25618,0号宿舍,9.8,14,中国,全14话,
39689,天官赐福 第二季,0.0,0,中国,即将开播,
105250,王蓝莓的迷惑行为,9.4,19,中国,更新至第19话,
6018,那年那兔那些事儿 第四季,9.4,12,中国,全12话,
43344,亏成首富从游戏开始,9.2,16,中国,全16话,
39668,命运拳台,9.8,12,中国,全12话,
39708,赘婿,8.6,12,中国,全12话,
39842,狐三藏,6.6,0,中国,,
38881,阿衰 第五季,9.1,34,中国,全34话,
39697,暂停！让我查攻略,9.4,12,中国,全12话,
43055,新神榜：杨戬,8.4,0,中国,2022年8月19日上映,
39710,谎颜,8.9,16,中国,全16话,
34062,汉化日记 第二季,9.8,12,中国,全12话,
43369,大道朝天,9.7,16,中国,全16话,
28423,剑网3·侠肝义胆沈剑心 第二季,9.6,12,中国,全12话,
35226,咸鱼哥,9.5,18,中国,全18话,
28198,罗小黑战记,9.6,0,中国,2019年9月7日上映,
34277,剑网3·侠肝义胆沈剑心 第三季,9.8,24,中国,全24话,
39716,炼气练了3000年,7.4,16,中国,全16话,
5430,凸变英雄 BABA,9.8,12,中国,全12话,
34569,肥志百科,9.7,169,中国,全169话,
32543,喜羊羊与灰太狼之奇趣外星客,9.6,60,中国,全60话,
39701,龙蛇演义,7.2,16,中国,全16话,
43364,百妖谱·司府篇,9.2,12,中国,全12话,
5857,妖怪名单 第二季,9.2,21,中国,全21话,
73976,中国奇谭2,8.6,9,中国,全9话,
35199,天宝伏妖录 第二季,9.6,13,中国,全13话,
29589,如果历史是一群喵 4-5季,8.9,26,中国,全26话,
6400,京剧猫 第二季,9.8,52,中国,全52话,
39694,我家大师兄有点靠谱,8.2,13,中国,全13话,
39693,食草老龙被冠以恶龙之名,9.6,12,中国,全12话,
24971,请吃红小豆吧！,9.8,12,中国,全12话,
43343,爱上她的理由,8.7,22,中国,全22话,
22087,凸变英雄 LEAF,9.4,12,中国,全12话,
661,十万个冷笑话 第二季,9.2,13,中国,全13话,
35403,D5小队,9.6,13,中国,全13话,
44871,安全警长啦咘啦哆,0.0,52,中国,全52话,
4657,我的三体之罗辑传,9.9,11,中国,全11话,
662,尸兄,9.2,41,中国,全41话,
73973,玄界之门,8.6,26,中国,全26话,
34806,大耳朵图图 第一季,9.8,26,中国,全26话,
24638,我家大师兄脑子有坑 特别篇,8.4,52,中国,全52话,
90883,我的师兄太强了,0.0,48,中国,全48话,
6052,叫我僵小鱼 日常篇,8.9,71,中国,全71话,
5366,虹猫蓝兔七侠传,9.9,108,中国,全108话,
42930,兔克兔克,0.0,200,中国,全200话,
6499,中国古诗词动漫,9.9,0,中国,,
46188,少年歌行 血染天启篇,7.3,26,中国,全26话,
26208,大王不高兴,7.8,12,中国,全12话,
41531,毛茸茸的星球,9.8,0,中国,,
39460,阿衰 第六季,9.2,34,中国,全34话,
28254,凹凸学园,9.5,15,中国,全15话,
6012,快把我哥带走,9.5,12,中国,全12话,
41366,是王者啊？云中篇,9.3,27,中国,全27话,
26222,请吃红小豆吧！第二季,9.7,16,中国,全16话,
24709,百鬼幼儿园,9.5,10,中国,全10话,
35209,你真是个天才,8.4,24,中国,全24话,
40773,阿衰 第七季,7.5,34,中国,全34话,
39690,我的异界之旅,3.4,40,中国,全40话,
27991,女武神的餐桌,9.4,10,中国,全10话,
39719,汉化日记 第三季,9.6,12,中国,全12话,
39711,小魔头暴露啦！,8.6,26,中国,全26话,
1700,王牌御史,9.4,39,中国,全39话,
45975,我的三体 第四季,9.6,9,中国,全9话,
33822,凹凸学园 第二季,7.1,20,中国,全20话,
23695,峡谷重案组,8.4,26,中国,全26话,
35208,烈火浇愁,9.8,12,中国,全12话,
34276,剑网3·侠肝义胆沈剑心之长漂,9.4,20,中国,全20话,
26795,没出息的阴阳师一家,9.5,12,中国,全12话,
35215,黑门,9.7,12,中国,全12话,
73972,仙王的日常生活 第五季,8.9,12,中国,全12话,
26189,万国志,9.7,16,中国,全16话,
34808,大耳朵图图 第二季,9.8,26,中国,全26话,
26265,残次品·放逐星空,5.9,16,中国,全16话,
26221,我开动物园那些年,5.8,13,中国,全13话,
45960,虎鹤妖师录,9.7,24,中国,全24话,
73968,深空彼岸,9.1,22,中国,更新至第22话,
1704,我的三体,9.7,11,中国,全11话,
37663,新神榜：哪吒重生,8.9,0,中国,2021年2月12日上映,
3042,从前有座灵剑山,8.2,12,中国,全12话,
43337,回铭之烽火三月,9.8,16,中国,全16话,
43362,傲世九重天,8.9,12,中国,全12话,
45357,霸王龙雷奇,0.0,52,中国,全52话,
46223,都市神医：七个师姐保我无敌,6.1,140,中国,更新至第140话,
39895,万圣街,9.7,24,中国,全24话,
6355,拳皇命运,7.0,48,中国,全48话,
5451,那年那兔那些事儿 番外篇,9.6,5,中国,全5话,
39718,星源之主,7.9,48,中国,全48话,
5856,银之守墓人,5.2,23,中国,全23话,
28760,请吃红小豆吧！ 第三季,9.8,12,中国,全12话,
39104,白蛇2：青蛇劫起,8.5,0,中国,2021年7月23日上映,
47998,赘婿 第二季,9.7,16,中国,全16话,
46987,奇趣特工队精品大合集,0.0,88,中国,全88话,
38966,人偶学园,9.8,10,中国,全10话,
44883,宝宝巴士儿歌启蒙好情绪好品格,0.0,34,中国,全34话,
20213,哈哈滑小稽,8.7,47,中国,全47话,
33688,女武神的餐桌 第二季,9.3,8,中国,全8话,
72937,火凤燎原 第二季,9.7,16,中国,全16话,
22189,阴阳师·平安物语 ,9.6,12,中国,全12话,
41437,喜羊羊与灰太狼之筐出未来,9.8,0,中国,2022年2月1日上映,
5741,女生宿舍日常,9.3,12,中国,全12话,
47787,虫小绿历史为什么之发明篇,0.0,36,中国,更新至第36话,
48519,神道帝尊,0.0,48,中国,全48话,
44884,宝宝巴士启蒙音乐剧汽车帮帮队,0.0,18,中国,全18话,
43348,反派初始化,9.8,16,中国,全16话,
28769,妖神记之黑狱篇,5.1,52,中国,全52话,
41869,思无邪,9.5,12,中国,全12话,
45965,鲲吞天下之掌门归来,9.2,12,中国,全12话,
6270,前方高能之辣稽,8.6,16,中国,全16话,
5861,从前有座灵剑山 第二季,5.5,12,中国,全12话,
34244,秦侠,8.6,12,中国,全12话,
33540,请吃红小豆吧！ 第四季,9.7,12,中国,全12话,
39712,战千年,8.5,16,中国,全16话,
34809,大耳朵图图 第三季,9.8,26,中国,全26话,
73941,百妖谱·洛阳篇,9.8,12,中国,全12话,
46593,月魁传 动态漫画,8.2,60,中国,全60话,
33781,没出息的阴阳师一家2,9.6,12,中国,全12话,
97682,浪浪山小妖怪,9.8,0,中国,2025年8月2日上映,
35206,定海浮生录,7.9,12,中国,全12话,
37547,D5小队 第二季,9.2,12,中国,全12话,
26357,百鬼幼儿园 第二季,9.6,12,中国,全12话,
32068,斗破苍穹 动态漫 第二季 ,8.5,52,中国,全52话,
43057,明日方舟：黎明前奏,9.5,8,中国,全8话,
39458,阿衰 第二季,9.4,34,中国,全34话,
6353,狐妖小红娘 日语版,7.6,24,中国,全24话,
33040,我不是教主 动态漫,9.3,24,中国,全24话,
33712,大王不高兴 第二季,7.1,12,中国,全12话,
5853,口水三国 第二季,8.7,46,中国,全46话,
32379,聪明的顺溜 第二季,9.7,52,中国,全52话,
84438,凹凸世界·新生,9.9,6,中国,更新至第6话,
45976,仙帝归来,8.8,16,中国,全16话,
44885,宝宝巴士启蒙音乐剧百变奇妙家族,0.0,27,中国,全27话,
42543,中华小子,9.9,26,中国,全26话,
39709,胶囊计划,9.4,11,中国,全11话,
25069,小黄人和萌友,9.2,40,中国,全40话,
6022,菊叔5岁画,8.9,41,中国,全41话,
27821,全职高手之巅峰荣耀,6.6,0,中国,2019年8月16日上映,
46555,胶囊计划 第二季,9.8,13,中国,全13话,
3531,口水封神,8.7,36,中国,全36话,
44496,深海,9.2,0,中国,2023年1月22日上映,
5849,少年锦衣卫,9.0,13,中国,全13话,
42051,傻瓜猫和笨蛋狗,0.0,50,中国,全50话,
34816,大耳朵图图--小小欢乐魔法师 ,9.8,26,中国,全26话,
28762,拾忆长安·明月几时有,8.3,12,中国,全12话,
48625,六样情——《黑神话：悟空》章节动画原版合集,9.8,6,中国,全6话,
26884,最后的召唤师,8.3,12,中国,全12话,
39669,长夜开拓者,6.4,16,中国,全16话,
33309,百鬼幼儿园 第三季,9.4,12,中国,全12话,
32999,小仓鼠笛笛的直播日记,8.8,119,中国,全119话,
35207,时空之隙,8.4,13,中国,全13话,
38309,如果历史是一群喵 第6季,9.3,13,中国,全13话,
34819,大耳朵图图-彩色世界,9.7,26,中国,全26话,
32015,功夫兔与菜包狗 第二季,9.7,10,中国,全10话,
6230,小花仙,7.0,52,中国,全52话,
2542,勇者大冒险 第一季,9.7,26,中国,全26话,
35370,姜子牙,7.6,0,中国,2020年10月1日上映,
43546,异人君莫邪,7.8,12,中国,全12话,
43308,汉化日记 第四季,9.8,12,中国,全12话,
44876,宝宝巴士启蒙音乐剧美食总动员,0.0,43,中国,全43话,
43358,山海际会,8.8,50,中国,全50话,
3252,黑白无双,8.7,12,中国,全12话,
43353,十方武圣,8.9,16,中国,全16话,
90209,罗小黑战记2,9.9,0,中国,2025年7月18日上映,
35214,长剑风云,7.6,10,中国,全10话,
43373,区区不才，在下野怪,8.0,28,中国,全28话,
45961,幻宠师,8.7,16,中国,全16话,
42701,独行月球,9.1,12,中国,全12话,
43350,不死不灭,5.6,16,中国,全16话,
91792,国产动画季度导视,0.0,0,中国,更新至2026年4-6月导视,
35203,爸妈来自二次元,8.5,24,中国,全24话,
5147,超神学院之黑甲,9.6,10,中国,全10话,
5855,阿拉德：宿命之门,2.8,20,中国,全20话,
39702,兵主奇魂,5.6,24,中国,全24话,
27933,少女前线 人形小剧场,9.6,24,中国,全24话,
48004,落凡尘,9.6,0,中国,2024年7月12日上映,
23789,叫我僵小鱼 日常篇2,8.8,65,中国,全65话,
6178,茶啊二中男寝501,9.1,20,中国,全20话,
43248,萌芽熊,0.0,100,中国,全100话,
26191,异常生物见闻录,3.8,13,中国,全13话,
45171,三十六骑,9.6,13,中国,全13话,
6358,黑白无双 第二季,8.2,12,中国,全12话,
39755,哔哔Q,0.0,0,中国,,
41862,三寸人间,8.2,16,中国,全16话,
38642,百鬼幼儿园 第四季,9.7,12,中国,全12话,
349,功夫兔与菜包狗,9.8,12,中国,全12话,
26510,我才不是恶毒女配 漫动画,8.2,60,中国,全60话,
46632,西游记,9.8,52,中国,全52话,
6177,茶啊二中泡面番,9.0,21,中国,全21话,
34564,战双帕尼尼,9.8,12,中国,全12话,
5554,凸变英雄 BABA 日语版,8.1,12,中国,全12话,
45964,开局地摊卖大力,9.2,24,中国,全24话,
29309,峡谷重案组 第四季,7.3,12,中国,全12话,
39465,如果历史是一群喵 第7季,9.5,12,中国,全12话,
38913,源神浩劫,6.2,52,中国,全52话,
87576,超兽武装之仁者无敌,9.7,33,中国,全33话,
5844,血色苍穹（上篇）,7.9,14,中国,全14话,
73961,君有云 第二季,8.8,32,中国,全32话,
3367,段子狗日记,7.6,71,中国,全71话,
43345,一世之尊,9.3,16,中国,全16话,
39663,希灵纪元,6.0,16,中国,全16话,
97550,虫小绿历史为什么之穿越篇,0.0,102,中国,更新至第102话,
38926,天官赐福 日语版,9.7,12,中国,全12话,
26607,猫妖的诱惑 正式版,7.8,20,中国,全20话,
148433,盗妖行,0.0,32,中国,更新至第32话,
6483,少年锦衣卫 第二季,9.5,14,中国,全14话,
41972,阿衰 第八季,9.0,34,中国,全34话,
40218,神奇阿呦,9.9,52,中国,全52话,
42915,绿豆蛙,0.0,342,中国,全342话,
44887,宝宝巴士启蒙音乐剧之细菌来了,0.0,32,中国,全32话,
3506,勇者大冒险  第二季,9.7,25,中国,全25话,
35099,真理面具 动态漫,9.8,20,中国,全20话,
6013,暴基枪手之AK西游,9.1,12,中国,全12话,
42909,风姿物语 仙罗篇,7.8,20,中国,全20话,
46921,超级飞侠文化中华,0.0,24,中国,全24话,
39733,天书奇谭,9.9,0,中国,2021年11月5日上映,
664,神魄,9.8,52,中国,全52话,
43341,咸鱼哥 第二季,9.9,13,中国,全13话,
23813,万界仙踪,7.4,40,中国,全40话,
4847,快递侠 第二季,9.6,13,中国,全13话,
28755,爱幽的密室,9.3,16,中国,全16话,
43052,如果历史是一群喵 第9季,9.7,12,中国,全12话,
39698,捕星司·源起,7.6,18,中国,全18话,
47241,超迷你战士 第一季,9.7,52,中国,全52话,
35218,千从狩,9.6,16,中国,全16话,
45974,通灵妃 第二季,8.0,24,中国,全24话,
6039,喵有卵用 第一季,7.7,23,中国,全23话,
44888,宝宝巴士儿歌启蒙：儿童身体保护,0.0,15,中国,全15话,
74811,不白吃话山海经 第二季,9.6,34,中国,全34话,
27984,阴阳师·平安物语 第2季 ,9.0,12,中国,全12话,
73993,是王者啊？之牡丹香幽大理寺,9.8,13,中国,全13话,
44066,黄金庭院：冬日里的新年愿望,9.9,2,中国,全2话,
3270,通职者,6.1,10,中国,全10话,
45962,将夜,9.3,7,中国,更新至第7话,
38699,小花仙 第二季,7.3,52,中国,全52话,
44875,宝宝巴士启蒙音乐剧恐龙世界2,0.0,24,中国,全24话,
44882,宝宝巴士美食屋,0.0,45,中国,全45话,
5975,降灵记,8.9,15,中国,全15话,
41684,新围棋少年,5.4,52,中国,全52话,
10086,中国惊奇先生,8.9,0,中国,2015年6月19日上映,
46476,猪猪侠之竞球小英雄4,9.8,26,中国,全26话,
26375,巨兵长城传,9.7,40,中国,全40话,
45957,从姑获鸟开始之龙城风云,9.4,16,中国,全16话,
26197,嗜谎之神,7.8,13,中国,全13话,
43058,明日方舟：黎明前奏 中配版,9.1,8,中国,全8话,
48815,虫小绿历史为什么之生活篇,0.0,30,中国,更新至第30话,
41423,如果历史是一群喵 第8季,9.7,12,中国,全12话,
6014,开封奇谈-这个包公不太行,9.4,10,中国,全10话,
31910,我在皇宫当巨巨 第二季 动态漫,8.9,12,中国,全12话,
47786,虫小绿历史为什么之神话篇,0.0,35,中国,更新至第35话,
28752,解药,7.3,13,中国,全13话,
39410,没出息的阴阳师一家3,9.7,12,中国,全12话,
42076,我的弟子遍布诸天万界 动态漫,5.5,60,中国,全60话,
48806,胶囊计划 英雄,9.0,11,中国,全11话,
48247,喜羊羊与灰太狼之跨时空救兵,9.8,60,中国,全60话,
6015,快把我哥带走 日文版,9.3,12,中国,全12话,
37818,枪火天灵 动态漫,8.9,30,中国,全30话,
26548,我在皇宫当巨巨 动态漫,9.0,12,中国,全12话,
6403,茶啊二中 叭叭叭,9.2,20,中国,全20话,
31147,李林克的小馆儿,8.9,10,中国,全10话,
33852,人类博物馆,9.1,36,中国,全36话,
42710,绝顶,9.7,26,中国,全26话,
1768,魔角侦探 第一季,9.8,52,中国,全52话,
23836,我的逆天神器,6.2,16,中国,全16话,
27501,大王不高兴 动态漫,9.2,15,中国,全15话,
5210,一人之下 日语版,7.8,12,中国,全12话,
28768,芯觉,5.2,13,中国,全13话,
39699,长剑风云 第二季,9.3,10,中国,全10话,
47082,原来我早就无敌了 动态漫,9.2,80,中国,全80话,
43347,无聊就完结,9.3,24,中国,全24话,
6491,幻界王,6.1,20,中国,全20话,
39830,日月同错 动态漫,9.8,56,中国,全56话,
41605,请吃红小豆吧！第0.5季,9.7,17,中国,全17话,
43375,披着狼皮的羊,7.4,16,中国,全16话,
34473,宿身小人,9.0,12,中国,全12话,
28759,秘宝之国,8.4,10,中国,全10话,
80930,那年那兔那些事儿 第七季,9.4,12,中国,全12话,
28766,我为歌狂之旋律重启,9.3,12,中国,全12话,
87578,超兽武装之勇者无惧,9.6,33,中国,全33话,
43367,她不当女主很多年,7.9,16,中国,全16话,
47192,重生归来：直接无敌 动态漫,0.0,310,中国,更新至第310话,
39734,冒险小狗帮,0.0,20,中国,全20话,
2696,我叫MT 第六季,9.7,24,中国,全24话,
45973,神之一脚,9.1,12,中国,全12话,
73066,天命大主宰,0.0,40,中国,全40话,
42929,小蓝和他的朋友,8.7,13,中国,全13话,
47090,盐友 动态漫,9.8,17,中国,全17话,
38271,拾忆长安·明月几时有 第二季,6.3,13,中国,全13话,
24364,喂，看见耳朵啦,9.5,12,中国,全12话,
2631,端脑,9.2,16,中国,全16话,
102134,缔灵爱之默水玲珑,7.5,20,中国,全20话,
2514,葫芦兄弟,9.8,13,中国,全13话,
39218,摩尔庄园 第一季,9.5,52,中国,全52话,
22082,一人之下第二季 日语版,8.0,24,中国,全24话,
44874,宝宝巴士启蒙音乐剧恐龙世界,0.0,17,中国,全17话,
47527,阿诺德和他可爱的木偶们,9.8,10,中国,全10话,
45831,雪王驾到,9.9,12,中国,全12话,
26519,人体培植 漫动画,8.4,24,中国,全24话,
43352,关喵什么事,9.8,13,中国,全13话,
47798,我在修仙世界朝九晚五 动态漫,7.6,150,中国,更新至第150话,
33177,朕也不想这样 动态漫,8.5,24,中国,全24话,
43339,小绿和小蓝 第二季,8.7,12,中国,全12话,
44877,宝宝巴士奇妙救援队,0.0,11,中国,全11话,
34185,妙先生,8.3,0,中国,2020年7月31日上映,
47185,白蛇：浮生,9.5,0,中国,2024年8月10日上映,
6486,Gon的旱獭,9.7,20,中国,全20话,
38911,最强蜗牛西能,9.0,41,中国,全41话,
46004,明日方舟：冬隐归路,9.0,8,中国,全8话,
3819,山口山战记 太阳井,9.2,10,中国,全10话,
74497,雪王之奇幻沙州,9.7,12,中国,全12话,
43738,阿衰 第九季,9.4,52,中国,全52话,
39490,正邪 动态漫,9.3,56,中国,全56话,
48005,哈小浪之星城守护者,0.0,30,中国,全30话,
35197,黑白无双 第三季,6.5,12,中国,全12话,
41231,菜菜子职场大作战,9.6,12,中国,全12话,
6373,纳米核心 第一季,9.5,21,中国,全21话,
3369,爆蛋晶英,9.1,12,中国,全12话,
23837,斩兽之刃,7.4,18,中国,全18话,
46475,猪猪侠之竞球小英雄3,9.8,26,中国,全26话,
26312,Gon的旱獭 第三季,9.7,20,中国,全20话,
2307,海尔兄弟,9.7,212,中国,全212话,
43888,百炼成神,7.7,171,中国,更新至第171话,
42299,元气奇事,9.5,24,中国,全24话,
5625,叫我僵小鱼 叙缘篇,9.2,10,中国,全10话,
108232,哈小浪一家 第4季,0.0,40,中国,更新至第40话,
28765,望古神话之天选者,9.4,12,中国,全12话,
44131,飞狗莫柯之家有小短腿,0.0,50,中国,全50话,
5876,纳米核心 第三季,8.8,11,中国,全11话,
44886,宝宝巴士学垃圾分类,0.0,16,中国,全16话,
27935,少女前线 人形小剧场 日语版,9.6,24,中国,全24话,
6064,我是江小白,9.6,12,中国,全12话,
40784,我们的冬奥,6.1,0,中国,2022年2月19日上映,
45286,如果历史是一群喵 宋辽金夏篇,9.7,12,中国,全12话,
26514,妲己不是坏狐狸 漫动画,6.6,24,中国,全24话,
39489,我叫MT：归来,9.8,10,中国,全10话,
73403,霸王龙雷奇 第二季,0.0,52,中国,全52话,
38655,摩尔庄园 第三季,9.7,52,中国,全52话,
5373,虹猫仗剑走天涯,9.4,109,中国,全109话,
35212,银河之心,5.1,12,中国,全12话,
48676,盒中之海,9.1,0,中国,2024年10月3日上映,
28438,聪明的顺溜,9.7,52,中国,全52话,
37521,金光御九界之仙古狂涛,3.8,64,中国,全64话,
25402,肆式青春,8.3,0,中国,2018年8月4日上映,
41132,赛尔号 ,9.2,52,中国,全52话,
35222,搜玄录之宸灵纪,6.5,7,中国,全7话,
43346,正经少主的幸福生活,9.4,12,中国,全12话,
5740,废柴狐阿桔,9.7,12,中国,全12话,
39720,花开张美丽,9.4,12,中国,全12话,
91575,凸变英雄X 日语版,9.3,24,中国,更新至第24话,
41528,叽歪老表 第二季,0.0,0,中国,,
26173,由你玩四年,8.5,10,中国,全10话,
26190,领风者,0.0,7,中国,全7话,
5395,泡芙小姐 第七季,9.5,12,中国,全12话,
34426,少女前线 人形小剧场 第二季,9.4,12,中国,全12话,
26176,通灵妃 河南话版,9.2,16,中国,全16话,
43548,七侯笔录,7.6,12,中国,全12话,
47199,我靠签到逆天改命,0.0,48,中国,全48话,
27043,重生只为追影帝 漫动画,0.0,30,中国,全30话,
43285,2022-2023 bilibili国创动画作品发布会,0.0,2,中国,全2话,
47926,白色闪电,9.7,6,中国,全6话,
46113,凹凸学园 第三季,9.6,15,中国,全15话,
38559,三只松鼠之萌力觉醒,3.7,52,中国,全52话,
23924,Gon的旱獭 第二季,9.6,20,中国,全20话,
6492,女生宿舍日常 第二季,9.5,8,中国,全8话,
103580,苍兰诀,8.8,24,中国,全24话,
24711,大话之少年游,8.0,16,中国,全16话,
5570,一课一练 中文版,6.2,12,中国,全12话,
43371,无脑魔女,7.2,30,中国,全30话,
35211,血与心,0.0,12,中国,全12话,
24888,山河社稷图,8.7,20,中国,全20话,
46473,猪猪侠之竞球小英雄1,9.8,26,中国,全26话,
22098,梦塔·雪谜城,8.9,18,中国,全18话,
21327,海岸线不污正业sp,9.7,12,中国,全12话,
46616,头脑特工队2,9.8,0,中国,2024年6月21日上映,
43342,女神有点灵,7.6,18,中国,全18话,
236267,果宝特攻,0.0,52,中国,全52话,
120817,2025-2026 bilibili国创动画作品发布会,0.0,0,中国,更新至完整片单,
46474,猪猪侠之竞球小英雄2,9.8,26,中国,全26话,
45977,邂逅她的少女时代,9.3,18,中国,全18话,
28247,启蒙积木玩具定格动画：破晓行动队,8.2,15,中国,全15话,
6404,茶啊二中 嘎嘎以嘎斯,9.1,20,中国,全20话,
48502,食草老龙被冠以恶龙之名 第二季,9.8,12,中国,全12话,
43887,一剑独尊,7.0,40,中国,全40话,
47990,民调局异闻录 第2季,8.8,8,中国,全8话,
43370,今天的晚餐就是你,9.6,36,中国,全36话,
2520,葫芦小金刚,9.7,6,中国,全6话,
24335,无敌极光侠,8.8,26,中国,全26话,
48631,聊斋：兰若寺,9.5,0,中国,2025年7月12日上映,
6537,血色苍穹（下篇）,7.9,12,中国,全12话,
40835,龙隐于雪,0.0,4,中国,全4话,
6190,魁拔妖侠传,9.8,20,中国,全20话,
100292,如果历史是一群喵 元末明初篇,9.8,12,中国,全12话,
39660,长歌行,7.7,16,中国,全16话,
26288,垂直世界之地中海美少年,8.9,12,中国,全12话,
25978,凹凸世界 日语版,8.1,11,中国,全11话,
102042,明日方舟：焰烬曙明,9.7,10,中国,全10话,
26299,豆小鸭迷你小冒险,8.8,26,中国,全26话,
170138,给孩子的上下五千年,0.0,22,中国,更新至第22话,
6487,纳米核心 第三季（下篇）,9.2,12,中国,全12话,
41127,赛尔号 第2季,9.2,40,中国,全40话,
39754,2021-2022 bilibili国创动画作品发布会,0.0,2,中国,全2话,
1818,蓝猫淘气3000问 恐龙时代,9.7,264,中国,全264话,
26710,战斗吧歌姬！ 第二季,9.6,14,中国,全14话,
39398,乱斗学院,9.5,8,中国,全8话,
44823,神兽金刚之地球之盾,8.1,52,中国,全52话,
5897,南烟斋笔录,9.6,4,中国,全4话,
3715,围棋少年,9.6,52,中国,全52话,
48310,如果历史是一群喵 南宋金元篇,9.7,12,中国,全12话,
2596,英雄别闹,9.4,13,中国,全13话,
104505,斗龙战士 第二季,9.5,60,中国,全60话,
44784,逆天战纪,3.6,20,中国,全20话,
2960,长歌行 动态漫,9.5,12,中国,全12话,
28172,我才不会被女孩子欺负呢 动态漫,8.7,12,中国,全12话,
45967,笼中人,9.8,16,中国,全16话,
73493,雄狮少年2,9.1,0,中国,2024年12月14日上映,
104504,斗龙战士,9.6,60,中国,全60话,
6354,纳米核心 第二季,9.4,20,中国,全20话,
1819,蓝猫淘气3000问 星际大战,9.7,384,中国,全384话,
5901,盗墓笔记之沙海,8.6,18,中国,全18话,
39552,飞狗MOCO之小柯基的脑洞时刻,0.0,30,中国,全30话,
43307,戏精宿舍,9.1,12,中国,全12话,
37533,手机里的浣熊小镇,9.6,52,中国,全52话,
45970,你的人生是我来迟了,8.0,16,中国,全16话,
348,纳米核心 精简版,9.4,10,中国,全10话,
38912,美影大乐园,7.7,31,中国,全31话,
6394,看个球,9.0,17,中国,全17话,
27996,请吃红小豆吧！外传 莫相忘,9.8,3,中国,全3话,
39264,咸鱼哥 粤语版,9.7,16,中国,全16话,
108234,哈小浪上学记 第4季,0.0,40,中国,更新至第40话,
26227,时之歌—花与焰的狂想诗,8.2,13,中国,全13话,
26638,头条都是他 第二季,9.6,8,中国,全8话,
39946,Q版三国之刘关张,9.8,39,中国,全39话,
41096,变形联盟,3.4,26,中国,全26话,
28748,红荒,9.0,13,中国,全13话,
1801,蓝猫龙骑团 TV,9.7,60,中国,全60话,
26515,猫妖的诱惑 漫动画,6.2,24,中国,全24话,
47194,史上最强,6.8,60,中国,全60话,
26177,通灵妃 东北话版,8.5,16,中国,全16话,
45531,斗破苍穹 动态漫 第四季,9.6,51,中国,全51话,
26192,拾又之国,4.3,13,中国,全13话,
25007,帝王侧,8.8,12,中国,全12话,
74570,2024-2025 bilibili国创动画作品发布会,0.0,2,中国,全2话,
5888,前方高能之滑稽,8.6,8,中国,全8话,
35225,山海绝伦,8.2,17,中国,全17话,
44757,功夫熊猫3,9.6,0,中国,2016年1月29日上映,
45980,暂停！智序重组,9.6,12,中国,全12话,
46489,猪猪侠之光明守卫者,9.1,52,中国,全52话,
33936,最强蜗牛不速之客,9.5,30,中国,全30话,
80050,哪吒传奇,9.9,52,中国,全52话,
47106,旅途危机！圣芙蕾雅号特别事件,9.9,1,中国,全1话,
38836,摩尔庄园 第二季,9.4,52,中国,全52话,
6385,头条都是他,9.6,7,中国,全7话,
28753,九九八十一,2.8,12,中国,全12话,
47087,不白吃古诗词漫游记 第一季,0.0,45,中国,全45话,
43355,君子无疾,6.3,16,中国,全16话,
5647,梦幻西游之天命之战,9.7,13,中国,全13话,
6415,霸王面具,4.6,3,中国,全3话,
6386,通灵妃动态漫 第二季,7.0,7,中国,全7话,
46005,明日方舟：冬隐归路 中配版,8.8,8,中国,全8话,
2690,我叫MT 第一季,9.8,10,中国,全10话,
26518,怪奇笔记 漫动画,9.0,24,中国,全24话,
28560,你在星光深处,8.4,12,中国,全12话,
44878,宝宝巴士启蒙音乐剧救援队出动,0.0,15,中国,全15话,
2533,哪吒闹海,9.8,1,中国,全1话,
102041,明日方舟：焰烬曙明 中配版,9.5,10,中国,全10话,
5854,超游世界,6.7,20,中国,全20话,
108229,哈小浪一家 第1季,0.0,60,中国,全60话,
24253,阴阳师·平安物语 sp,9.1,10,中国,全10话,
39704,天宝伏妖录 第三季,0.0,0,中国,即将开播,
97755,双生武魂,0.0,60,中国,全60话,
47196,弟子都说我无敌,0.0,140,中国,全140话,
108231,哈小浪一家 第3季,0.0,32,中国,全32话,
44065,鲤氏侦探事务所 中配版,9.8,8,中国,全8话,
42523,斗破苍穹 动态漫第三季,9.5,52,中国,全52话,
40220,神奇阿呦之最强流星人,9.8,52,中国,全52话,
105565,是王者啊？稷下篇,9.6,13,中国,全13话,
3402,正义红师,9.8,52,中国,全52话,
38435,花果山传,8.9,2,中国,全2话,
229649,放开那个女巫,9.9,7,中国,更新至第7话,
44309,新大头儿子和小头爸爸 第1季,2.6,52,中国,全52话,
45990,2023-2024 bilibili国创动画作品发布会,0.0,2,中国,全2话,
40483,阴阳师·平安物语 第3季 ,9.5,12,中国,全12话,
43351,大道独行之蝶龙变,8.0,10,中国,更新至第10话,
48516,斗破苍穹 动态漫 第五季,9.6,50,中国,全50话,
5858,霹雳天命之仙魔鏖锋（普通话免费）,0.0,150,中国,全150话,
39748,大耳朵图图之霸王龙在行动,9.2,0,中国,2021年10月1日上映,
5572,时空使徒 中文版,6.1,12,中国,全12话,
2518,黑猫警长,9.7,5,中国,全5话,
154624,萌鸡小队 第1季,0.0,52,中国,全52话,
109959,全球御鬼时代，我成了最终BOSS 动态漫,0.0,69,中国,更新至第69话,
6351,人人爱我猪小屁,0.0,12,中国,全12话,
25816,喂，看见耳朵啦 第二季,9.5,12,中国,全12话,
28236,太子得了失心疯 动态漫,9.3,10,中国,全10话,
44873,宝宝巴士启蒙音乐剧动物世界,0.0,18,中国,全18话,
5301,墓王之王 麒麟决,8.9,20,中国,全20话,
38046,开心超人,9.7,0,中国,2013年6月28日上映,
24448,天才玩偶,7.7,12,中国,全12话,
5390,小明和王猫,9.9,13,中国,全13话,
28552,梦幻西游之天命之路,9.7,13,中国,全13话,
5893,天下第几,9.5,15,中国,全15话,
105212,时光代理人 第三季,0.0,0,中国,即将开播,
38491,师兄，请按剧本来！ 动态漫,0.0,24,中国,全24话,
38361,梦幻书院之科学小记者,9.5,12,中国,全12话,
107369,枕刀歌 第三季,9.9,14,中国,全14话,
25598,无敌极光侠 英文版,7.8,26,中国,全26话,
38471,神兵小将 第二部,2.2,52,中国,全52话,
43359,怪兽小馆,9.6,12,中国,全12话,
28083,黄逗菌特别版之《忘不了》,9.8,10,中国,全10话,
28767,我真的没用咩？,9.5,12,中国,全12话,
48020,不白吃古诗词漫游记 第二季,0.0,45,中国,全45话,
47918,加菲猫家族,8.8,0,中国,2024年6月1日上映,
24710,我是江小白 第二季,8.5,12,中国,全12话,
48156,精灵梦叶罗丽 第10季,5.7,26,中国,全26话,
92648,念无双,7.9,14,中国,全14话,
39727,梦幻书院 第六季,9.0,12,中国,全12话,
33941,启蒙积木玩具定格动画：雷霆使命联合行动,6.3,15,中国,全15话,
42023,梦幻书院 第七季,9.5,12,中国,全12话,
44739,我可以修改万物时间线,4.9,60,中国,全60话,
47195,超级微信,0.0,58,中国,全58话,
2516,阿凡提的故事,9.8,13,中国,全13话,
23772,让我们烧吧！！！,9.0,0,中国,,
5902,寻师伏魔录,9.0,25,中国,全25话,
43368,四格勇者,8.6,10,中国,全10话,
28555,梦幻西游之化境飞升,9.6,13,中国,全13话,
28092,战国千年 动态漫,9.3,12,中国,全12话,
95562,U探泰拉,9.8,8,中国,全8话,
23494,宿舍不日常,9.6,10,中国,全10话,
6388,峡谷重案组前篇,6.4,8,中国,全8话,
6187,盗墓笔记之沙海 第二季,8.9,18,中国,全18话,
28557,梦幻西游之雷怒危机,9.6,13,中国,全13话,
46631,大头儿子和小头爸爸,9.7,156,中国,全156话,
45186,修仙就要抱大腿,0.0,78,中国,全78话,
108235,我的同学是诸葛双双 第1季,0.0,30,中国,全30话,
33664,大耳朵图图之美食狂想曲,9.7,0,中国,2017年7月28日上映,
2632,雏蜂,7.1,6,中国,全6话,
2710,山口山战记 草裙娃娃,9.1,11,中国,全11话,
30306,元尊 动态漫,8.0,13,中国,全13话,
47797,鲲吞天下 动态漫,9.2,170,中国,更新至第170话,
43374,怪想售,8.3,8,中国,全8话,
34498,梦幻书院 第四季,9.2,14,中国,全14话,
39665,偷星九月天,0.0,0,中国,即将开播,
112201,遇强则强，我的修为无上限 动态漫,0.0,117,中国,更新至第117话,
3588,双月之城,7.7,13,中国,全13话,
44308,中国神话故事,9.0,26,中国,全26话,
47303,万古第一神,0.0,90,中国,全90话,
38470,奇幻龙宝,9.8,52,中国,全52话,
2694,我叫MT 第四季,9.8,10,中国,全10话,
44064,鲤氏侦探事务所,9.7,8,中国,全8话,
5374,虹猫蓝兔光明剑,9.1,79,中国,全79话,
26022,霹雳魔封（普通话免费）,0.0,60,中国,全60话,
667,死灵编码,9.0,12,中国,全12话,
40165,百兽总动员,0.0,65,中国,全65话,
73959,剑网3·沈剑心的365天,9.4,35,中国,全35话,
48158,我叫MT 第七季,9.5,10,中国,全10话,
37554,梦幻书院之呼吸健康科普,9.4,13,中国,全13话,
35217,猫灵相册,7.2,21,中国,全21话,
26521,我为苍生 漫动画,9.1,24,中国,全24话,
48092,赛尔号 第10季,6.3,30,中国,全30话,
44809,电器少女,9.8,12,中国,全12话,
26511,心跳300秒 漫动画,9.0,24,中国,全24话,
48307,原来我早就无敌了 第二季 动态漫,0.0,80,中国,全80话,
27589,驸马不要啊 动态漫  第一季,8.6,20,中国,全20话,
5375,虹猫蓝兔勇者归来,8.3,52,中国,全52话,
40214,奇积乐园,0.0,52,中国,全52话,
111194,猪猪侠·一只老猪的逆袭,5.1,0,中国,2025年10月1日上映,
85593,蛮荒仙界,0.0,48,中国,全48话,
26546,豆小鸭探险小窍门,0.0,26,中国,全26话,
5898,我是丐帮不打奶花,9.5,7,中国,全7话,
97321,U探泰拉 中配版,9.9,8,中国,全8话,
6186,食神魂,9.2,12,中国,全12话,
26253,三只松鼠之松鼠小镇,3.1,52,中国,全52话,
39657,大宇宙时代,6.9,12,中国,全12话,
26513,初恋微甜 漫动画,6.4,24,中国,全24话,
2695,我叫MT 第五季,9.7,10,中国,全10话,
108233,哈小浪上学记 第3季,0.0,30,中国,全30话,
48099,赛尔号 第3季,9.0,30,中国,全30话,
26368,餐桌上的世说新语,9.6,12,中国,全12话,
665,馒头日记,9.8,10,中国,全10话,
42066,燃夏,7.9,16,中国,全16话,
47104,小绿和小蓝 第五季,8.1,12,中国,全12话,
39670,火星西路7号,9.8,12,中国,全12话,
73197,赛几传说,9.6,13,中国,全13话,
43366,虚无边境,9.2,13,中国,全13话,
5863,国民老公带回家,4.3,12,中国,全12话,
28176,京京来乐道,7.3,4,中国,全4话,
48127,哈小浪之星域大冒险,0.0,30,中国,全30话,
29379,三只松鼠之松鼠小镇2,3.4,26,中国,全26话,
46587,大雨,8.3,0,中国,2024年1月12日上映,
47645,小倩,9.0,0,中国,2024年4月30日上映,
663,山海师,9.7,0,中国,,
25588,战斗吧歌姬！ 第一季,9.2,12,中国,全12话,
45979,驭灵师,9.8,16,中国,更新至第16话,
44377,美食大冒险,9.9,52,中国,全52话,
5873,斗破苍穹 Q版小剧场,6.1,12,中国,全12话,
38951,天上掉下个猪八戒,9.7,104,中国,全104话,
212954,无用联萌,0.0,19,中国,更新至第19话,
6060,银之守墓人 日文版,6.0,19,中国,全19话,
33220,大闹天宫,9.8,0,中国,1961年1月1日上映,
26566,男友总在修罗场,8.8,6,中国,全6话,
24333,暮光幻影,7.3,13,中国,全13话,
44310,新大头儿子和小头爸爸 第2季,2.7,104,中国,全104话,
46240,小品一家人之神探修勾,0.0,21,中国,全21话,
47107,巴啦啦小魔仙之彩虹心石,9.6,36,中国,全36话,
24277,凸变英雄 LEAF 日语版,7.1,7,中国,全7话,
38084,龙之谷：破晓奇兵,9.8,0,中国,2014年7月31日上映,
38138,新大头儿子和小头爸爸之秘密计划,2.5,0,中国,2014年9月26日上映,
2692,我叫MT 第三季,9.7,10,中国,全10话,
76342,枕刀歌 第一季,9.8,14,中国,全14话,
43029,这个年纪还能当大侠吗,9.4,10,中国,全10话,
47193,都市最强房东,0.0,139,中国,全139话,
43338,新·异常生物见闻录：序,9.9,7,中国,全7话,
43162,开心超人之英雄的心,2.7,0,中国,2022年7月22日上映,
2540,灰体,9.5,30,中国,全30话,
106805,缥缈剑仙传,0.0,40,中国,全40话,
35219,上海故事,9.1,8,中国,全8话,
24893,霹雳惊涛（普通话免费),0.0,42,中国,全42话,
100170,亡灵天灾：我抬手百万骨海 动态漫,0.0,142,中国,更新至第142话,
44013,今天少主不在家,9.9,7,中国,全7话,
26465,霹雳英雄战纪之刀说异数（普通话）,0.0,20,中国,全20话,
45739,我玩游戏成了绝世强者,0.0,60,中国,全60话,
40554,钢铁飞龙3 山海神兽录,6.1,52,中国,全52话,
28331,阴阳师·平安物语 第2季 中配版,8.5,12,中国,全12话,
39280,2020-2021 bilibili国创动画作品发布会,0.0,2,中国,全2话,
34699,太子得了失心疯 动态漫 第二季,7.8,14,中国,全14话,
48098,赛尔号 第4季,8.6,30,中国,全30话,
39717,武林不二周刊,8.9,24,中国,全24话,
47513,女娲补天,9.0,1,中国,全1话,
48807,请吃红小豆吧！食物世界 第一季,9.7,10,中国,全10话,
38596,叫我僵小鱼 叙缘篇 第二季 双鱼记,0.0,12,中国,全12话,
104507,斗龙战士 第四季,8.0,30,中国,全30话,
42522,斗破苍穹 动态漫,9.5,26,中国,全26话,
106806,万古剑帝,0.0,40,中国,全40话,
23553,霹雳天命之战祸邪神Ⅱ破邪传（普通话免费）,0.0,50,中国,全50话,
47191,都市最强仙尊,0.0,40,中国,全40话,
38622,前无古人 动态漫,9.4,22,中国,全22话,
39721,李林克的小馆儿 第二季,9.3,10,中国,全10话,
32979,梦幻书院 第三季,8.9,14,中国,全14话,
103104,生肖传奇之十二生肖闯江湖,9.8,52,中国,全52话,
5376,虹猫蓝兔阿木星,9.4,30,中国,全30话,
26835,梦幻书院,9.2,14,中国,全14话,
41632,超变战陀3双甲战陀,0.0,30,中国,全30话,
48016,喜羊羊与灰太狼之守护,7.6,0,中国,2024年7月19日上映,
2691,我叫MT 第二季,9.7,10,中国,全10话,
34708,我独自盗墓 动态漫,4.7,12,中国,全12话,
73971,为喵人生,9.3,32,中国,更新至第32话,
2519,舒克和贝塔,9.7,13,中国,全13话,
26155,斩兽之刃外传,8.1,12,中国,全12话,
2169,我为歌狂,9.7,52,中国,全52话,
39212,2019-2020 bilibili国创动画作品发布会,0.0,2,中国,全2话,
48097,赛尔号 第5季,7.8,30,中国,全30话,
38828,血与火：新中国是这样炼成的,0.0,30,中国,全30话,
24201,无聊诗社 第二季,9.0,14,中国,全14话,
40952,图图的智慧王国数学系列,8.9,60,中国,全60话,
6020,勇者大冒险之黄泉手记,9.6,2,中国,全2话,
34235,异常生物见闻录 特别篇,9.8,1,中国,全1话,
35210,恰同学少年,0.0,10,中国,全10话,
5845,择天记 第二季,8.0,12,中国,全12话,
35221,斗神姬,5.0,12,中国,全12话,
46790,斗龙战士 第六季,3.3,30,中国,全30话,
88105,快乐星猫 第三季,9.5,26,中国,全26话,
154656,超级飞侠 第12季,0.0,20,中国,全20话,
6387,英俊又可爱,9.5,6,中国,全6话,
33497,元尊 动态漫 第二季：力挽狂澜,8.6,13,中国,全13话,
48008,伞少女,8.4,0,中国,2024年7月6日上映,
43978,长征先锋,0.0,52,中国,全52话,
104503,斗龙战士 第三季,7.8,60,中国,全60话,
26353,拾又之国 日语版,4.7,13,中国,全13话,
88534,猫猫的奇幻漂流,0.0,0,中国,2025年2月28日上映,
48283,炼气练了三千年 动态漫 第三季,0.0,100,中国,全100话,
45958,大侠请上功,8.8,10,中国,全10话,
4585,勇者大冒险 番外篇,9.7,7,中国,全7话,
44054,古迪积木定格动画：城市警察,0.0,10,中国,全10话,
41098,偷星九月天·异世界 动态漫,2.2,22,中国,全22话,
1829,魔豆传奇,9.7,26,中国,全26话,
48243,咖宝车神之时空守护,0.0,26,中国,全26话,
46628,小刻的画图写话 中配版,9.8,12,中国,全12话,
3435,吃谜少女,8.7,26,中国,全26话,
45956,曾经有勇士,9.5,12,中国,全12话,
72641,猪猪侠之恐龙日记 第1季,0.0,26,中国,全26话,
28860,京京来乐道 第二季,9.6,6,中国,全6话,
46627,小刻的画图写话,9.8,12,中国,全12话,
106703,万剑王座,0.0,40,中国,全40话,
6484,王兄李兄没完没了的故事,9.6,31,中国,全31话,
39703,异空战歌,9.7,15,中国,全15话,
28040,爱我吧，苏大人 第二季 动态漫,8.1,12,中国,全12话,
38647,炫击勇者,2.8,30,中国,全30话,
27760,斐然向风,0.0,20,中国,全20话,
38372,还击45秒,7.2,13,中国,全13话,
106807,天命大神皇,0.0,40,中国,全40话,
106808,绝世神皇,0.0,40,中国,更新至第40话,
6174,通灵妃动态漫 第一季,0.0,7,中国,全7话,
48103,小花仙 第四季,9.2,40,中国,全40话,
40654,鳄里斯和鱼英俊,9.8,27,中国,全27话,
20170,49%的灵魂,9.7,26,中国,全26话,
44817,梦幻书院 第八季,9.5,12,中国,全12话,
48155,精灵梦叶罗丽 第9季,4.9,26,中国,全26话,
38280,少女前线 人形小剧场 第二季 日语版,9.4,12,中国,全12话,
142988,熊出没·年年有熊,9.0,0,中国,2026年2月17日上映,
76349,枕刀歌 第二季,9.9,14,中国,全14话,
2846,时间支配者,8.7,10,中国,全10话,
39948,Q版三国之三小强,9.8,52,中国,全52话,
106809,荒古恩仇录·破风篇,0.0,40,中国,全40话,
5860,枪灵计划,6.7,12,中国,全12话,
44311,新大头儿子和小头爸爸 第3季,3.0,146,中国,全146话,
3614,从前有座灵剑山  日文版,6.0,12,中国,全12话,
42706,如果那天没有踏进大学校门,9.3,12,中国,全12话,
43048,光子英雄传：超神灵主 动态漫,9.0,60,中国,全60话,
108230,哈小浪一家 第2季,0.0,60,中国,全60话,
48102,小花仙 第三季,9.2,40,中国,全40话,
38505,此喵太白,0.0,10,中国,全10话,
72729,炫卡斗士之猛兽能量,0.0,26,中国,全26话,
20712,霹雳天命之仙魔鏖锋Ⅱ斩魔录（普通话免费）,0.0,60,中国,全60话,
37920,三只松鼠之中国行,0.0,26,中国,全26话,
33392,虹猫蓝兔火凤凰,9.1,0,中国,2010年2月5日上映,
39293,马克思漫漫说,9.7,34,中国,全34话,
6292,斗龙战士 第五季,8.4,30,中国,全30话,
72659,乌龙院之活宝传奇 第1-8季合集,9.8,104,中国,全104话,
40198,毛毛镇之冰雪加油队,0.0,18,中国,全18话,
46171,小绿和小蓝 第三季,8.6,12,中国,全12话,
32901,精灵梦叶罗丽,3.3,26,中国,全26话,
5730,霹雳侠影之轰动武林（普通话免费）,0.0,31,中国,全31话,
24365,喂，看见耳朵啦 日语版,9.5,12,中国,全12话,
39888,三毛流浪记,9.9,26,中国,全26话,
46653,小绿和小蓝 第四季,9.2,12,中国,全12话,
6254,魔晶猎人 第四季,9.0,28,中国,全28话,
44423,中医故事,9.9,30,中国,全30话,
41357,剑与远征-伊索米亚的那些事儿,9.0,12,中国,全12话,
48240,咖宝车神之拯救联盟（上）,0.0,30,中国,全30话,
46481,百变校巴1,0.0,26,中国,全26话,
28559,梦幻书院 第二季,8.8,14,中国,全14话,
6395,食神魂 第二季,9.4,12,中国,全12话,
48094,赛尔号 第8季,8.2,30,中国,全30话,
5248,战国FAN,8.7,15,中国,全15话,
38130,阿衰 四川话版,9.0,34,中国,全34话,
38548,酷大叔的恋爱物语 动态漫,9.2,24,中国,全24话,
46850,龙战士星源,0.0,26,中国,全26话,
3321,吃饭睡觉打豆豆 豆特么黑,9.3,20,中国,全20话,
46467,猪猪侠之超星五灵侠1,3.3,26,中国,全26话,
42004,向着明亮那方,9.8,0,中国,2021年9月21日上映,
5944,和女儿的日常 第二季,9.5,18,中国,全18话,
236344,电击小子,0.0,26,中国,全26话,
1822,蓝猫淘气3000问 太空历险,9.7,400,中国,全400话,
24846,记忆U盘,7.8,15,中国,全15话,
41683,我才不会被女孩子欺负呢 动态漫 第二季,8.9,22,中国,全22话,
44368,食草老龙被冠以恶龙之名 日语版,9.2,12,中国,全12话,
47145,我在未来有套房,0.0,55,中国,全55话,
124443,星卡梦少女4花神的试炼,0.0,30,中国,全30话,
68616,元气奇事2,9.6,12,中国,全12话,
72623,猪猪侠之深海小英雄3,7.3,26,中国,全26话,
48096,赛尔号 第6季,7.8,30,中国,全30话,
44256,神兽金刚之超变星甲,8.5,46,中国,全46话,
46859,少年英雄小哪吒,0.0,52,中国,全52话,
118958,第一序列 第二季,0.0,0,中国,即将开播,
44318,快乐星猫 第七季,9.5,26,中国,全26话,
28446,地道战之英雄出少年,0.0,15,中国,全15话,
46764,疯狂小糖 第二季,3.3,52,中国,全52话,
3796,半面人,8.1,10,中国,全10话,
91783,海尔兄弟高清重制版,8.9,212,中国,全212话,
34155,喵千岁的成年礼,8.5,7,中国,全7话,
41978,阳光咖啡厅之新友纪,9.2,52,中国,全52话,
48242,咖宝车神之飞天战队,0.0,24,中国,全24话,
46485,百变校巴9,0.0,26,中国,全26话,
6289,我家业主会作妖,8.2,6,中国,全6话,
6021,喵有卵用 第二季,7.8,24,中国,全24话,
23983,二二二哈企,7.5,50,中国,全50话,
46763,疯狂小糖 第六季,4.3,30,中国,全30话,
2521,镜花缘,9.7,4,中国,全4话,
33423,武装精灵,8.3,40,中国,全40话,
122669,我的哪吒与变形金刚,5.5,26,中国,更新至第26话,
5739,霹雳狼烟之古原争霸,0.0,150,中国,全150话,
45616,新大头儿子和小头爸爸 欢乐亲子营,2.9,200,中国,全200话,
106810,武魂大陆,0.0,48,中国,全48话,
40130,SOS！超危职场人,9.7,7,中国,全7话,
116832,仙尊归来：只手镇人间,0.0,50,中国,全50话,
85214,三国演义,9.4,60,中国,全60话,
2517,邋遢大王奇遇记,9.6,13,中国,全13话,
36278,奇奇和努娜,0.0,104,中国,全104话,
48241,咖宝车神之拯救联盟（下）,0.0,38,中国,全38话,
45978,夜的命名术,0.0,0,中国,即将开播,
37746,长剑风云 粤语版,8.8,10,中国,全10话,
34123,任务大师,6.4,6,中国,全6话,
42075,元尊 动态漫 第三季：真假圣龙,8.8,13,中国,全13话,
119021,镇魂街 第五季,0.0,0,中国,即将开播,
28110,世说新语 动态漫,9.7,10,中国,全10话,
102584,喜羊羊与灰太狼之异国破晓,9.3,0,中国,2025年7月26日上映,
111041,三国的星空第一部,0.0,0,中国,2025年10月1日上映,
5732,霹雳侠影之轰掣天下（普通话免费）,0.0,32,中国,全32话,
25808,小黄人与格鲁日记,9.3,12,中国,全12话,
26565,爱我吧，苏大人 动态漫,8.0,6,中国,全6话,
1703,吃饭睡觉打豆豆,9.6,21,中国,全21话,
98269,原来我早就无敌了 第三季 动态漫,0.0,109,中国,更新至第109话,
39804,让梦想起飞,0.0,104,中国,全104话,
6390,拇指鸡,0.0,12,中国,全12话,
25587,战斗吧歌姬！ 第零季,8.9,4,中国,全4话,
6250,魔晶猎人 第一季,9.1,26,中国,全26话,
29032,霹雳侠峰（普通话免费）,0.0,50,中国,全50话,
85589,万界主宰,0.0,32,中国,全32话,
112207,泰坦时代：我觉醒了十凶 动态漫,0.0,60,中国,全60话,
44319,快乐星猫 第八季,9.5,26,中国,全26话,
38362,龙娃,9.8,59,中国,全59话,
22321,琥珀虚颜,7.0,20,中国,全20话,
112206,全民转职！我！即是亡灵天灾 动态漫,0.0,60,中国,全60话,
103105,嫁人就嫁灰太狼,9.8,26,中国,全26话,
48244,神奇的朋友 咖宝蛋神,0.0,26,中国,全26话,
5831,从前有座灵剑山 第二季日文版,4.9,12,中国,全12话,
236405,电击小子2 ,0.0,26,中国,全26话,
32556,风姿物语 动态漫,8.6,42,中国,全42话,
5595,一课一练 日文版,6.2,12,中国,全12话,
45080,变形联盟之超变战神,0.0,30,中国,全30话,
47198,我的弟子都超神 第二季,0.0,40,中国,全40话,
47496,老狼请客,0.0,1,中国,全1话,
5734,霹雳开天记之创神篇（普通话）,0.0,96,中国,全96话,
47142,开心超人之时空营救,9.2,0,中国,2024年1月20日上映,
105348,猫和老鼠：星盘奇缘,5.7,0,中国,2025年8月2日上映,
48093,赛尔号 第9季,6.9,30,中国,全30话,
5731,霹雳侠影之轰定干戈（普通话免费）,0.0,32,中国,全32话,
2537,九色鹿,9.8,1,中国,全1话,
39806,小蝌蚪找妈妈,9.8,0,中国,1961年7月1日上映,
6086,国民老公带回家 第二季,4.9,12,中国,全12话,
42538,给我来个小狐狸,9.6,26,中国,全26话,
41447,团子们的使命,0.0,12,中国,全12话,
31797,世说新语 动态漫 第二季,9.6,12,中国,全12话,
103004,我的师傅每到大限才突破 动态漫,9.1,94,中国,更新至第94话,
38891,饼干警长,9.9,104,中国,全104话,
72956,车宝乐园之变形工程车,0.0,26,中国,全26话,
46494,猪猪侠之超星萌宠4,9.2,36,中国,全36话,
38783,斗破苍穹之大主宰 动态漫 第三季,4.8,30,中国,全30话,
5864,全职法师Q版小剧场,8.0,12,中国,全12话,
5736,霹雳谜城之九轮异谱（普通话）,0.0,112,中国,全112话,
38340,武圣关公,6.1,0,中国,2020年1月11日上映,
32006,LILY 动态漫,9.5,12,中国,全12话,
72946,23号牛乃唐 第1季,0.0,26,中国,全26话,
80048,小鲤鱼历险记,9.9,52,中国,全52话,
46490,猪猪侠之梦想守卫者,9.1,52,中国,全52话,
48281,炼气练了三千年 动态漫 第一季,0.0,36,中国,全36话,
99546,封灵特优生 动态漫,0.0,55,中国,更新至第55话,
32430,星武神诀 动态漫,4.6,20,中国,全20话,
47670,阿诺德和他可爱的木偶们 繁体中文版,0.0,10,中国,全10话,
5733,霹雳侠影之轰霆剑海录（普通话）,0.0,32,中国,全32话,
44387,数学魔法,8.1,26,中国,全26话,
42173,卡卡虎大冒险,0.0,26,中国,全26话,
46488,百变校巴12,0.0,26,中国,全26话,
23797,纳米学院,8.0,13,中国,全13话,
48095,赛尔号 第7季,7.9,30,中国,全30话,
98255,反派师尊的我带着徒弟们天下无敌 动态漫,0.0,0,中国,更新至56下,
27684,驸马不要啊 动态漫  第二季,8.7,10,中国,全10话,
1817,蓝猫淘气3000问 幽默舞台,9.7,424,中国,全424话,
5735,霹雳开天记之创神篇下阕（普通话）,0.0,96,中国,全96话,
2522,魔方大厦,9.2,10,中国,全10话,
44312,新大头儿子和小头爸爸 第4季,2.9,100,中国,全100话,
40212,魔幻陀螺之聚能引擎,0.0,30,中国,全30话,
6252,魔晶猎人 第二季,9.2,28,中国,全28话,
24532,第二模式,8.5,8,中国,全8话,
48153,精灵梦叶罗丽 第7季,0.0,26,中国,全26话,
29008,驸马不要啊 动态漫 第三季,8.3,12,中国,全12话,
2525,封神榜传奇,9.4,100,中国,全100话,
48505,熊出没·重启未来,9.6,0,中国,2025年1月29日上映,
48149,精灵梦叶罗丽 第3季,5.4,26,中国,全26话,
28857,餐桌上的世说新语  第二季,9.7,12,中国,全12话,
5903,飞鱼,8.5,10,中国,全10话,
6062,同居男闺蜜,5.6,10,中国,全10话,
47792,咸鱼哥 第二季 粤语版,9.9,13,中国,全13话,
47050,霹雳勇士,9.0,52,中国,全52话,
2658,雏蜂 日语版,7.8,6,中国,全6话,
46960,阿优之神奇萝卜,9.7,52,中国,全52话,
103068,时间之子,8.9,0,中国,2025年5月30日上映,
39211,2018-2019bilibili国创动画作品发布会,0.0,1,中国,全1话,
38275,超变战陀,9.0,40,中国,全40话,
45524,金猴降妖,9.7,0,中国,1985年1月1日上映,
29377,蓝翅 动态漫,8.5,12,中国,全12话,
46959,新大头儿子和小头爸爸英雄梦,2.9,200,中国,全200话,
105931,向着星辰的长征,0.0,16,中国,全16话,
44378,美食大冒险之文明之旅,9.9,52,中国,全52话,
44313,新大头儿子和小头爸爸 第5季,3.0,100,中国,全100话,
99798,航天双子星 第二季,8.7,26,中国,全26话,
26466,霹雳英雄战纪之刀说异数（闽南语）,0.0,20,中国,全20话,
1820,蓝猫淘气3000问 海洋世界,9.4,312,中国,全312话,
48152,精灵梦叶罗丽 第6季,0.0,26,中国,全26话,
98831,我的弟子遍布诸天万界 第二季 动态漫,0.0,247,中国,更新至第247话,
38025,飞吧！篮球,0.0,0,中国,即将开播,
5743,十二生肖,9.2,13,中国,全13话,
39851,熊孩子的灵魂拷问,0.0,30,中国,全30话,
48154,精灵梦叶罗丽 第8季,0.0,26,中国,全26话,
48282,炼气练了三千年 动态漫 第二季,0.0,52,中国,全52话,
20716,霹雳天命之战祸邪神（普通话免费）,0.0,20,中国,全20话,
42423,这一次怪兽赢了,0.0,0,中国,2022年8月4日上映,
72947,23号牛乃唐 第2季,0.0,26,中国,全26话,
47697,宝莲灯,9.8,0,中国,1999年7月30日上映,
223792,奇迹先锋,0.0,20,中国,更新至第20话,
28750,精忠报国,0.0,1,中国,全1话,
46491,猪猪侠之超星萌宠1,9.2,26,中国,全26话,
48246,盟卡车神之魔幻对决W,0.0,67,中国,全67话,
47577,猪猪侠大电影·星际行动,2.8,0,中国,2024年5月1日上映,
2699,超级肥皂,9.7,1,中国,全1话,
24336,暮光幻影 日语版,7.3,13,中国,全13话,
5940,Hello Kitty爱漫游,0.0,52,中国,全52话,
28379,霹雳靖玄录下阙（普通话免费）,0.0,28,中国,全28话,
40482,阴阳师·平安物语 第3季 中配版,9.2,12,中国,全12话,
27926,霹雳靖玄录（普通话免费）,0.0,20,中国,全20话,
126296,帮帮龙出动之恐龙探险队,0.0,52,中国,全52话,
6482,日常幻想指南,9.1,8,中国,全8话,
46477,猪猪侠之竞速小英雄1,0.0,26,中国,全26话,
47006,图腾领域,9.9,52,中国,全52话,
1798,抗日英雄杨来西,0.0,12,中国,全12话,
3818,求求你，吃我吧,8.6,52,中国,全52话,
46849,心奇爆龙战车x龙装战甲 第二季,0.0,32,中国,全32话,
33845,三三的恶作剧厨房,9.0,10,中国,全10话,
45968,开拍啦！怪兽大电影,9.7,7,中国,更新至第7话,
33853,柳毅传奇,7.3,26,中国,全26话,
42500,邪神祭,4.4,0,中国,2022年8月4日上映,
115002,全民神祇：我献祭亿万生灵成神 动态漫,0.0,114,中国,更新至第114话,
34302,麦兜·我和我妈妈,9.8,0,中国,2014年10月1日上映,
4907,诸神的紫菜包饭,5.5,12,中国,全12话,
72643,猪猪侠之恐龙日记 第2季,0.0,26,中国,全26话,
6493,兔潮帮,0.0,10,中国,全10话,
48151,精灵梦叶罗丽 第5季,0.0,26,中国,全26话,
46953,熊猫和小鼹鼠,0.0,52,中国,全52话,
43273,守护联萌ROY6之森林里的迷你你,0.0,16,中国,全16话,
45539,黑猫警长之翡翠之星,8.3,0,中国,2015年8月7日上映,
5738,霹雳狼烟之万堺尘涛（普通话）,0.0,32,中国,全32话,
102885,系统逼我做反派 动态漫,0.0,121,中国,全121话,
48148,精灵梦叶罗丽 第2季,5.9,26,中国,全26话,
128706,神兽金刚之邦宝历险记4,0.0,45,中国,全45话,
47907,小药童也想修仙,0.0,1,中国,全1话,
46946,棉花糖和云朵妈妈,4.4,120,中国,全120话,
38304,趣味三十六计,0.0,36,中国,全36话,
6256,太极熊猫,0.0,10,中国,全10话,
72721,光影天炎战甲,7.3,26,中国,全26话,
44454,最后的召唤师 日语版,0.0,12,中国,全12话,
38183,十二生肖,9.7,40,中国,全40话,
40793,毛毛镇 第三季,0.0,52,中国,全52话,
207000,武帝隐居之后的生活 动态漫,0.0,60,中国,更新至第60话,
43802,开心智趣园之幼教故事,0.0,40,中国,全40话,
46895,天眼归来,0.0,624,中国,全624话,
6506,地藏齐天,0.0,10,中国,全10话,
5905,我是丐帮不打奶花 第二季,9.5,4,中国,全4话,
85594,仙迹寻踪,0.0,48,中国,全48话,
39961,Q版三国之刘关张 粤语版,9.7,39,中国,全39话,
47007,图腾领域 第二季,9.8,52,中国,全52话,
32412,末日告白诗 动态漫,7.9,24,中国,全24话,
46493,猪猪侠之超星萌宠3,0.0,36,中国,全36话,
2532,没头脑和不高兴,9.6,1,中国,全1话,
43066,不鸭短片之八九不离食,9.4,10,中国,全10话,
46887,不一样的数学故事,0.0,60,中国,全60话,
28305,大禹治水,8.6,12,中国,全12话,
46579,路,7.8,0,中国,2023年11月10日上映,
39809,小鲤鱼跳龙门,9.6,0,中国,1958年1月1日上映,
45434,妖道至尊,0.0,160,中国,全160话,
72621,猪猪侠之深海小英雄1,0.0,26,中国,全26话,
33464,不思异：梦行者,0.0,12,中国,全12话,
46484,百变校巴4,0.0,26,中国,全26话,
5721,霹雳震寰宇之刀龙传说,0.0,40,中国,全40话,
5608,疯暴英雄,8.3,12,中国,全12话,
122457,紫禁·御喵房,0.0,16,中国,全16话,
2629,疯狂时代 第一季,9.6,13,中国,全13话,
48104,小花仙 第五季 春季篇,8.2,26,中国,全26话,
98252,目标一亿积分 动态漫,0.0,61,中国,更新至第61话,
48150,精灵梦叶罗丽 第4季,0.0,26,中国,全26话,
44297,棉花糖和云朵妈妈 第三季,2.9,120,中国,全120话,
126474,激战奇轮2,0.0,44,中国,全44话,
5737,霹雳狼烟之九轮燎原（普通话）,0.0,64,中国,全64话,
5946,和女儿的日常 第一季,9.5,18,中国,全18话,
6513,逆光之颤,8.2,13,中国,全13话,
48285,万渣朝凰 第一季,0.0,30,中国,全30话,
38549,时空恋人 动态漫,8.2,24,中国,全24话,
85591,战神联盟,0.0,48,中国,全48话,
41172,孔子之道,0.0,26,中国,全26话,
46947,棉花糖和云朵妈妈 第二季,4.5,120,中国,全120话,
44317,快乐星猫 第六季,9.6,26,中国,全26话,
44343,机变英盟,9.6,40,中国,全40话,
44286,神兽金刚5,0.0,26,中国,全26话,
26806,时之歌—暮日醒觉诗 谍影篇,9.4,14,中国,全14话,
38197,乐比悠悠教育系列之快乐成长,0.0,52,中国,全52话,
46922,布鲁可战队 第三季,0.0,16,中国,全16话,
46486,百变校巴10,0.0,26,中国,全26话,
39738,骄傲的将军,9.8,0,中国,1956年1月1日上映,
46487,百变校巴11,0.0,26,中国,全26话,
33164,王爷你好贱 动态漫,4.8,12,中国,全12话,
27761,神雕实验室 漫动画,0.0,0,中国,,
48288,万渣朝凰 第四季,0.0,70,中国,全70话,
46498,百变校巴之超学先锋4,0.0,26,中国,全26话,
2515,三毛流浪记,9.6,4,中国,全4话,
112194,亏成首富从游戏开始 日语版,9.6,16,中国,全16话,
44946,长剑风云 第二季 粤语版,0.0,10,中国,全10话,
39313,疫战到底,0.0,12,中国,全12话,
38276,超变战陀之爆甲战陀,8.7,30,中国,全30话,
5879,超游世界 日文版,6.4,20,中国,全20话,
39054,炫斗战轮,9.0,30,中国,全30话,
41375,斗破苍穹之大主宰 动态漫 第四季,0.0,30,中国,全30话,
46934,列车超人,0.0,26,中国,全26话,
5599,时空使徒 日文版,6.1,12,中国,全12话,
40695,我和吸铁石和一个死去的朋友,9.8,0,中国,2021年12月1日上映,
1821,蓝猫淘气3000问 运动系列,9.2,257,中国,全257话,
38351,环保剑,9.6,52,中国,全52话,
25233,安菟！安菟！,7.5,1,中国,全1话,
72624,猪猪侠之深海小英雄4,0.0,26,中国,全26话,
47671,阿诺德和他可爱的木偶们 英文版,0.0,10,中国,全10话,
125663,新爆笑校园 第一季,9.3,26,中国,全26话,
40583,冲破黑暗,9.8,0,中国,2021年4月7日上映,
111618,开局饕餮血统，我吞噬一切 动态漫,0.0,52,中国,全52话,
47051,元气拯救队,0.0,52,中国,全52话,
26456,喂，看见耳朵啦 第二季 日语版,9.4,12,中国,全12话,
72812,奇特益智工程车 第2季,0.0,20,中国,全20话,
40162,百变科小比 第一季,8.4,26,中国,全26话,
72645,猪猪侠之恐龙日记 第8季,0.0,26,中国,全26话,
46910,恐龙时代 第一季,0.0,30,中国,全30话,
5899,我的囧囧发小,0.0,7,中国,全7话,
46924,百变布鲁可7超变恐龙出击,0.0,10,中国,全10话,
6258,棠棣血,9.1,3,中国,全3话,
28667,追梦者,0.0,1,中国,全1话,
127272,乐乐便利店,9.9,10,中国,全10话,
5719,霹雳神州III之天罪,0.0,48,中国,全48话,
47014,熊仔之正义守护,6.7,52,中国,全52话,
103005,我在末世搬金砖 动态漫,0.0,19,中国,更新至第19话,
42916,盟卡车神之魔幻元珠,0.0,26,中国,全26话,
46853,心奇爆龙战车之暴龙出击 第三季,0.0,26,中国,全26话,
5847,圣光不好惹,6.8,6,中国,全6话,
102996,掌门低调点 动态漫 第三季,0.0,95,中国,更新至第95话,
47488,大英雄狄青,9.8,52,中国,全52话,
48855,山山田田间,9.5,12,中国,全12话,
39328,辉煌100年,0.0,10,中国,全10话,
45097,你的快递是这么丢的,0.0,0,中国,2023年5月12日上映,
226692,穿越兽世，神兽男仆助我成后,3.6,61,中国,全61话,
72615,百变校巴14,0.0,26,中国,全26话,
47504,崂山道士,0.0,1,中国,全1话,
46848,心奇爆龙之龙装战甲,0.0,26,中国,全26话,
33839,梦游敦煌,9.3,5,中国,全5话,
46504,疯狂小糖 第三季,2.7,52,中国,全52话,
40501,哈哈咪,6.0,52,中国,全52话,
47131,地下城与勇士之破界少女,8.4,12,中国,全12话,
72592,跳跳鱼世界,9.7,52,中国,全52话,
45730,小鹿蓝蓝,0.0,88,中国,全88话,
46958,超能钢小侠,0.0,50,中国,全50话,
45518,毛毛镇之海洋大发现,0.0,52,中国,全52话,
40517,乐儿数学逻辑王,0.0,30,中国,全30话,
20293,有病得治,0.0,11,中国,全11话,
45128,开局一文钱 动态漫画 第1季,0.0,20,中国,全20话,
88935,冰封末日：绝无生还之路 动态漫,0.0,31,中国,更新至第31话,
6053,美少女大劈叉 第三季,0.0,17,中国,全17话,
100085,金蚕往事,0.0,24,中国,更新至第24话,
46480,猪猪侠之竞速小英雄4,0.0,26,中国,全26话,
44827,元尊 动态漫第四季：苍玄宗,9.4,13,中国,全13话,
72617,百变校巴16火星大冒险,0.0,26,中国,全26话,
72622,猪猪侠之深海小英雄2,0.0,26,中国,全26话,
46792,星原小宝2神勇V5队,0.0,60,中国,全60话,
5729,霹雳惊鸿之刀剑春秋,0.0,20,中国,全20话,
46482,百变校巴2,0.0,26,中国,全26话,
6381,龙骑侍 普通话版,8.6,1,中国,全1话,
46472,猪猪侠之超星五灵侠6,0.0,26,中国,全26话,
44315,快乐星猫 第四季,9.3,26,中国,全26话,
48105,彩虹宝宝 第五季,0.0,26,中国,全26话,
43804,虹猫蓝兔快乐儿歌,0.0,75,中国,全75话,
72955,汽车世界城市大冒险 第1季,0.0,30,中国,全30话,
47772,地上城与勇士,9.7,10,中国,全10话,
44316,快乐星猫 第五季,0.0,26,中国,全26话,
41281,小凉帽之魔法凉帽,0.0,26,中国,全26话,
46478,猪猪侠之竞速小英雄2,0.0,26,中国,全26话,
5722,霹雳震寰宇之龙战八荒,0.0,40,中国,全40话,
46932,我的好朋友左左 第二季,0.0,21,中国,全21话,
5433,马拉松王子,9.4,44,中国,全44话,
26568,合拍学生妹,9.1,11,中国,全11话,
48280,传闻中的白月光,0.0,63,中国,全63话,
44303,新大头儿子和小头爸爸 智能小当家2,2.8,100,中国,全100话,
88108,美食大冒险之火热之旅,9.8,55,中国,全55话,
46483,百变校巴3,0.0,26,中国,全26话,
37909,魏晋小剧场,9.4,12,中国,全12话,
40228,跳跳鱼世界成语故事,0.0,52,中国,全52话,
46492,猪猪侠之超星萌宠2,0.0,26,中国,全26话,
72644,猪猪侠之恐龙日记 第7季,0.0,26,中国,全26话,
26512,百层塔 漫动画,8.9,25,中国,全25话,
1797,超蛙战士,9.4,25,中国,全25话,
5114,疯狂时代 第二季,9.4,14,中国,全14话,
123532,钢铁飞龙2 龙魂觉醒,0.0,26,中国,全26话,
44007,双甲战陀4超环战陀,0.0,26,中国,全26话,
126213,我的朋友猪迪克,0.0,52,中国,全52话,
6188,寻师伏魔录 第二季,8.8,4,中国,全4话,
119996,天官赐福 粤语版,0.0,12,中国,全12话,
47132,地下城与勇士之破界少女 日语版,0.0,12,中国,全12话,
111620,末日壁垒 动态漫,0.0,40,中国,全40话,
5720,霹雳天启,0.0,48,中国,全48话,
28756,璃心战纪,0.0,0,中国,即将开播,
48503,食草老龙被冠以恶龙之名 第二季 日语版,0.0,0,中国,,
88104,快乐星猫 第二季,0.0,26,中国,全26话,
33848,王爷你好贱 动态漫 第二季,0.0,12,中国,全12话,
5393,狂丸战记,9.4,8,中国,全8话,
46793,妙趣横生恐龙世界,0.0,74,中国,全74话,
3403,正义红师 粤语版,9.5,52,中国,全52话,
72811,奇特益智工程车 第1季,0.0,20,中国,全20话,
40222,天天成长记 第一季,0.0,13,中国,全13话,
41374,疾风劲射 第一季 上,6.4,26,中国,全26话,
40515,乐儿科学小百科,0.0,36,中国,全36话,
126915,神兽金刚之超变星甲精华版,0.0,46,中国,全46话,
5212,小樱桃,5.1,26,中国,全26话,
1796,太昊伏羲,0.0,26,中国,全26话,
5723,霹雳震寰宇之兵甲龙痕,0.0,40,中国,全40话,
44122,梦幻书院之国家安全篇,0.0,4,中国,全4话,
40125,百变科小比 第二季,8.6,26,中国,全26话,
38932,星兽猎人,9.8,32,中国,全32话,
46497,百变校巴之超学先锋3,0.0,26,中国,全26话,
236418,火力少年王2 动画版,0.0,26,中国,全26话,
80049,美猴王,9.8,52,中国,全52话,
24052,大食谱,9.1,12,中国,全12话,
25209,了不起的我们,8.5,12,中国,全12话,
72616,百变校巴15火星大冒险,0.0,26,中国,全26话,
1802,后羿射日,3.5,13,中国,全13话,
76347,枕刀歌之尘世行,9.9,1,中国,全1话,
72879,恐龙时代 第三季,0.0,30,中国,全30话,
25585,猫妖的诱惑 先行版,2.6,0,中国,,
40206,魔幻陀螺之机甲战车,9.2,30,中国,全30话,
72754,托宝战士之银河侦探 第1季,0.0,26,中国,全26话,
5724,霹雳经武纪之枭皇论战,0.0,40,中国,全40话,
41979,阳光咖啡厅之新友纪 上海话版,9.6,52,中国,全52话,
124925,豆乐儿歌 第1季,0.0,168,中国,全168话,
72551,木头岛的故事,4.7,64,中国,全64话,
74108,全职高手荣耀小剧场,0.0,12,中国,全12话,
72698,火火兔学古诗,0.0,80,中国,全80话,
44304,冰球旋风,3.3,52,中国,全52话,
72737,托宝战士之银河侦探 第5季,0.0,22,中国,全22话,
38190,乐比悠悠之安全教育,0.0,52,中国,全52话,
40307,全糖不加冰,8.1,0,中国,2021年12月1日上映,
48287,万渣朝凰 第三季,0.0,40,中国,全40话,
5770,天才联盟,9.5,12,中国,全12话,
24092,切尔诺贝利之春,9.7,1,中国,全1话,
4598,诺亚动物诊所病历记录簿,9.2,10,中国,全10话,
72613,百变校巴13,0.0,26,中国,全26话,
227876,叶罗丽-金鎏心,3.5,10,中国,全10话,
44929,Busy Day,3.7,0,中国,2023年4月19日上映,
42048,魔能圣甲：守护者,0.0,26,中国,全26话,
88103,快乐星猫,9.5,26,中国,全26话,
44325,我的好朋友左左,8.1,26,中国,全26话,
48286,万渣朝凰 第二季,0.0,30,中国,全30话,
40471,宝狄与好友,9.6,52,中国,全52话,
6093,《麦田故事：生活常识》,0.0,6,中国,全6话,
41408,星际一游,7.9,12,中国,全12话,
44224,虹猫蓝兔七侠外传 跳跳篇,0.0,52,中国,全52话,
46999,托宝战士之银河勇士战记,0.0,20,中国,全20话,
6488,黄金屋,9.3,36,中国,全36话,
31895,阿狸童话故事集 第二季,9.7,13,中国,全13话,
84293,我在未来有套房 第二季,0.0,100,中国,更新至第100话,
46349,超变战陀5百变战陀,0.0,26,中国,全26话,
112090,重生灰大狼，手搓核聚变震惊全球 动态漫,3.0,66,中国,全66话,
40163,布鲁可战队人之危客对决,0.0,20,中国,全20话,
38376,锋速战警,9.7,26,中国,全26话,
3322,吃饭睡觉打豆豆 神经豆,9.4,21,中国,全21话,
46997,托宝战士之施望的秘密,0.0,20,中国,全20话,
6405,鱼老板の日常,9.0,66,中国,全66话,
44527,寻灵大冒险,0.0,26,中国,全26话,
33874,风姿物语 动态漫 第二季,8.5,24,中国,全24话,
45259,超元绝战,0.0,20,中国,全20话,
43037,喵喵如此妖娆,9.7,20,中国,全20话,
42977,武拳 动态漫,0.0,48,中国,全48话,
40502,宝宝妈妈网之儿童诗系列,0.0,52,中国,全52话,
103007,最强反套路系统 第二季 动态漫,0.0,100,中国,更新至第100话,
6396,绝行者,0.0,7,中国,全7话,
5713,霹雳谜城,0.0,40,中国,全40话,
46495,百变校巴之超学先锋1,0.0,26,中国,全26话,
5725,霹雳兵燹之圣魔战印,0.0,40,中国,全40话,
229974,时光代理人 粤配版,0.0,12,中国,全12话,
45702,巧虎奇幻舞台历险记,0.0,0,中国,2023年6月1日上映,
6519,喵有卵用 第三季,9.0,24,中国,全24话,
47001,出动吧！龙宝小英雄,0.0,26,中国,全26话,
40124,百变布鲁可 第五季,0.0,20,中国,全20话,
39805,那萨尔丁,9.7,100,中国,全100话,
6172,江湖救援团-哥安寺声,9.6,2,中国,全2话,
46908,小英雄雨来,0.0,13,中国,全13话,
123516,皮皮鲁安全特工队,0.0,26,中国,全26话,
72876,小鸡丫丫动起来 第1季,7.8,52,中国,全52话,
45475,卡卡虎大冒险 第四季,0.0,26,中国,全26话,
26569,合拍学生妹 粤语版,9.1,11,中国,全11话,
103015,重生之神级败家子 动态漫,0.0,80,中国,更新至第80话,
111619,我有一个聚宝盆 动态漫,0.0,41,中国,全41话,
126471,激战奇轮3,0.0,36,中国,全36话,
72769,可可小爱快乐学知识,9.1,47,中国,全47话,
40203,魔幻陀螺2,9.0,30,中国,全30话,
72588,工程车救援行动队 第3季,0.0,20,中国,全20话,
46957,篮球旋风,0.0,52,中国,全52话,
45796,贝肯熊：火星任务,0.0,0,中国,2023年9月28日上映,
38486,小康来了,6.2,26,中国,全26话,
46496,百变校巴之超学先锋2,0.0,26,中国,全26话,
5717,霹雳神州,0.0,30,中国,全30话,
5895,Dream Hunter-狩梦人-,9.4,26,中国,全26话,
39413,守护联萌ROY6之抱抱森林的冒险,9.8,8,中国,全8话,
102191,这个年纪还能当大侠吗 第二季,9.8,10,中国,全10话,
5714,霹雳皇龙纪,0.0,50,中国,全50话,
72738,龙宝小英雄 第2季,0.0,26,中国,全26话,
46989,百变雄师,0.0,52,中国,全52话,
43991,宝狄与好友 第二季,0.0,52,中国,全52话,
5886,虎多多,0.0,5,中国,全5话,
44305,棉花糖和云朵妈妈 快乐生活2,3.3,120,中国,全120话,
43983,汉字侠·神奇汉字星球,0.0,52,中国,全52话,
46471,猪猪侠之超星五灵侠5,0.0,26,中国,全26话,
172454,神级系统：垂死老翁逆天改命 动态漫,0.0,11,中国,更新至第11话,
43803,古诗词水墨动画,0.0,42,中国,全42话,
1800,蓝猫龙骑团 希望家园,9.4,4,中国,全4话,
46479,猪猪侠之竞速小英雄3,0.0,26,中国,全26话,
72961,百变布鲁可8超变先锋救援,0.0,20,中国,全20话,
359,不可能恋爱,9.4,10,中国,全10话,
48106,彩虹宝宝 第六季,0.0,26,中国,全26话,
1804,蔬果王国历险记,0.0,52,中国,全52话,
46770,孔小西和哈基姆,0.0,26,中国,全26话,
5718,霹雳神州II之苍玄泣,0.0,46,中国,全46话,
39912,玉玺传奇,0.0,26,中国,全26话,
46996,托宝战士之热血再燃,0.0,40,中国,全40话,
6016,美少女大劈叉 第一季,8.8,12,中国,全12话,
39846,黄金梦,9.7,0,中国,1963年1月1日上映,
39049,神奇历险记,0.0,26,中国,全26话,
47499,三个和尚,0.0,1,中国,全1话,
44942,寻灵大冒险 第三季,0.0,26,中国,全26话,
38426,肥猫正传,4.8,52,中国,全52话,
38352,时空龙骑士,0.0,52,中国,全52话,
25297,大食谱  第二季,9.5,12,中国,全12话,
72587,工程车救援行动队 第2季,0.0,20,中国,全20话,
103006,我真的不想当第一 动态漫,0.0,60,中国,更新至第60话,
2644,混沌白书,9.0,15,中国,全15话,
40164,布鲁可战之源星石守卫,0.0,20,中国,全20话,
40527,小鼠和大象的创意,0.0,90,中国,全90话,
40224,天天成长记 第二季,0.0,13,中国,全13话,
88126,火力少年王 动画版,9.4,40,中国,全40话,
40514,恐龙星球,0.0,32,中国,全32话,
38936,星兽猎人2,0.0,30,中国,全30话,
43792,时空智多星,4.0,26,中国,全26话,
46470,猪猪侠之超星五灵侠4,0.0,26,中国,全26话,
39466,红色江山之黃麻烽火,0.0,13,中国,全13话,
124928,恐龙时代 第4季 小三角龙冒险,0.0,30,中国,全30话,
47049,爸爸去哪儿,0.0,26,中国,全26话,
72663,核晶少年 第1季,0.0,26,中国,全26话,
5727,霹雳战元史之天竞鏖锋,0.0,40,中国,全40话,
72727,恐龙时代 第二季,0.0,30,中国,全30话,
124580,百变马丁 第1季,0.0,52,中国,全52话,
46581,风雪山神庙,0.0,0,中国,2023年11月10日上映,
44941,寻灵大冒险 第二季,0.0,26,中国,全26话,
72753,奇趣特工队 第2季,0.0,26,中国,全26话,
40204,魔幻陀螺5,0.0,30,中国,全30话,
88107,雷速登之翼飞冲天,0.0,52,中国,全52话,
5728,霹雳战元史之动机风云,0.0,40,中国,全40话,
24721,超女娃娃,0.0,160,中国,全160话,
48291,守龙者,0.0,0,中国,2024年8月17日上映,
5726,霹雳兵燹之问鼎天下,0.0,40,中国,全40话,
44298,棉花糖和云朵妈妈 快乐生活,3.0,120,中国,全120话,
48526,FLUFFY LAND 动态漫,9.4,20,中国,全20话,
72661,疯狂小糖 第五季,0.0,30,中国,全30话,
46963,阿优之神奇萝卜 第三季,0.0,26,中国,全26话,
5936,茅屋爷爷讲故事,0.0,16,中国,全16话,
102022,大象无形 动态漫,0.0,63,中国,更新至第63话,
41283,小凉帽3之白豚湾奇遇,0.0,26,中国,全26话,
48537,神奇马戏团之动物饼干,0.0,0,中国,2018年7月21日上映,
46888,不一样的语文故事,0.0,60,中国,全60话,
43931,梦想总动员,8.9,52,中国,全52话,
43798,变形联盟之越空勇者,0.0,26,中国,全26话,
88988,真理面具 动态漫 重制版,0.0,47,中国,更新至第47话,
46949,小济公,0.0,52,中国,全52话,
236309,雷速登闪电冲线2,0.0,40,中国,全40话,
145622,满级悟性，从剑阁守剑开始 动态漫,0.0,33,中国,更新至第33话,
41102,三三的冰雪世界,0.0,6,中国,全6话,
38322,聪明宠物蛋,0.0,64,中国,全64话,
39320,淘气包马小跳,8.9,0,中国,2009年1月20日上映,
43974,主公在哪,9.5,26,中国,全26话,
72648,百变校巴英文儿歌 第2季,0.0,52,中国,全52话,
99791,新大头儿子和小头爸爸 智能小当家,0.0,100,中国,全100话,
24495,天才玩偶 日语版,7.6,12,中国,全12话,
34387,熊猫手札,7.8,10,中国,全10话,
38134,十二生肖之五福外传,0.0,40,中国,全40话,
2984,闯闯闯！我是闯堂兔！,0.0,20,中国,全20话,
72736,托宝战士之银河侦探 第4季,0.0,26,中国,全26话,
103000,从不出手的我混成了天榜大佬·动态漫,0.0,36,中国,更新至第36话,
47778,没头脑和不高兴,0.0,26,中国,全26话,
72625,猪猪侠之拼装特工队,0.0,26,中国,全26话,
126417,百变布鲁可 第3季,0.0,20,中国,全20话,
40225,天天成长记 第三季,0.0,13,中国,全13话,
39808,猪八戒吃西瓜,9.8,0,中国,1958年1月1日上映,
46469,猪猪侠之超星五灵侠3,0.0,26,中国,全26话,
6091,《麦田故事：国学礼仪》,0.0,8,中国,全8话,
172431,躺平修仙，道侣修炼我变强 动态漫,0.0,12,中国,更新至第12话,
44235,捣蛋狗与机灵猫,5.5,50,中国,全50话,
44242,中华廉政文化故事,0.0,24,中国,全24话,
47002,龙宝小英雄之龙宝历险记,0.0,30,中国,全30话,
33849,LALALACOCO,8.3,25,中国,全25话,
38892,炫斗小Q,4.2,26,中国,全26话,
72666,核晶少年 第3季,0.0,26,中国,全26话,
25807,暮光plus,0.0,11,中国,全11话,
2523,自古英雄出少年,9.3,101,中国,全101话,
44912,卡卡虎大冒险 第三季,0.0,26,中国,全26话,
40226,天天成长记 第四季,0.0,13,中国,全13话,
44229,蔬菜不寂寞 第27季,0.0,20,中国,全20话,
5934,寻找克洛托,8.8,6,中国,全6话,
124948,新大头儿子和小头爸爸 带你看中国 第1季,0.0,40,中国,全40话,
38689,LALALACOCO 粤语版,0.0,13,中国,全13话,
38173,乐比悠悠1,9.8,52,中国,全52话,
47497,雪孩子,9.8,1,中国,全1话,
46993,托宝战士之银河大激斗,0.0,26,中国,全26话,
126401,橙皮兔超级救援队,0.0,24,中国,全24话,
39810,三毛流浪记,9.7,0,中国,1958年1月1日上映,
127148,果果别动队,0.0,26,中国,全26话,
25010,暮光下午茶,0.0,12,中国,全12话,
46994,托宝战士之银河保卫战,0.0,20,中国,全20话,
39742,三十六个字,9.8,0,中国,1984年10月10日上映,
5716,霹雳开疆纪,0.0,40,中国,全40话,
38897,天上掉下个猪八戒之福星八戒,0.0,104,中国,全104话,
72668,核晶少年 第4季,0.0,26,中国,全26话,
38377,锋速战警 3D,0.0,26,中国,全26话,
88987,反派初始化 动态漫,0.0,35,中国,更新至第35话,
48159,阿诺德和他可爱的木偶们 日文版,0.0,10,中国,全10话,
46912,汽车星球,0.0,30,中国,全30话,
123445,猪猪侠之超星五灵侠8,0.0,13,中国,全13话,
100171,天命出马仙 动态漫,0.0,25,中国,更新至第25话,
38929,三三的生活果然有问题,9.5,10,中国,全10话,
39713,重器2069,0.0,0,中国,,
72626,猪猪侠之环球日记,0.0,26,中国,全26话,
45033,盟卡车神之魔幻元珠 第二季,0.0,26,中国,全26话,
119019,仙剑奇侠传四,0.0,0,中国,即将开播,
44356,神兽金刚之邦宝历险记2,0.0,45,中国,全45话,
41263,小车神,0.0,13,中国,全13话,
43932,少年苏东坡传奇,0.0,52,中国,全52话,
46506,百变校巴之太空日记2,0.0,30,中国,全30话,
43335,心奇爆龙战车之龙装战甲 精华篇,0.0,26,中国,全26话,
96212,盟卡车神之龙兽觉醒 第二季,0.0,26,中国,全26话,
45618,奇奇和努娜2,0.0,104,中国,全104话,
47657,虚无边境 粤语版,0.0,13,中国,全13话,
46828,反转泡蛋,0.0,30,中国,全30话,
47000,龙宝小英雄 第一季 英文版,0.0,26,中国,全26话,
47008,积高侠与阿里巴巴,9.6,52,中国,全52话,
46879,安全小卫士,0.0,54,中国,全54话,
68634,虹猫蓝兔七侠传 粤语版,0.0,108,中国,全108话,
125974,熊仔之寻绿战纪,0.0,52,中国,全52话,
46468,猪猪侠之超星五灵侠2,0.0,26,中国,全26话,
124447,三星堆荣耀觉醒,0.0,52,中国,全52话,
44486,卡卡虎大冒险 第二季,0.0,26,中国,全26话,
102893,我真不是大反派啊 动态漫,0.0,54,中国,更新至第54话,
72664,核晶少年 第2季,0.0,26,中国,全26话,
47010,新编蓝猫淘气三千问,0.0,134,中国,全134话,
38429,小猪班纳,0.0,52,中国,全52话,
72733,奇趣特工队之超时空奇兵 第4季,0.0,20,中国,全20话,
72927,转战之超旋斗士,0.0,38,中国,全38话,
127149,幸运救援队,0.0,26,中国,全26话,
44406,快乐牛牛,3.0,120,中国,全120话,
126979,请吃红小豆吧！新年快乐,9.7,6,中国,全6话,
46995,托宝战士之顶峰对决,0.0,20,中国,全20话,
47979,新大头儿子和小头爸爸6：迷你大冒险,0.0,0,中国,2024年10月1日上映,
126200,翻开这一页 第1季,0.0,26,中国,全26话,
44930,动画人的焦虑日常,0.0,0,中国,2023年4月19日上映,
38266,童话动物园,0.0,72,中国,全72话,
126418,百变布鲁可 第4季,0.0,20,中国,全20话,
99897,福娃,9.4,52,中国,全52话,
125973,熊仔之菲熊不可,0.0,52,中国,全52话,
40478,火焰战士,9.7,53,中国,全53话,
75628,聪明的阿凡提,0.0,45,中国,更新至第45话,
124460,中华美德故事,0.0,30,中国,全30话,
44416,金色童年亲子动画绘本,0.0,28,中国,全28话,
72720,动车侠未来高铁城,0.0,52,中国,全52话,
44238,亿奇惊喜猜拆乐之梦奇小魔仙,0.0,26,中国,全26话,
38698,霹雳惊鸿之刀剑春秋（普通话）,0.0,20,中国,全20话,
3074,拖拉机司机,0.0,12,中国,全12话,
40304,荆棘鸟,9.1,0,中国,2021年12月1日上映,
5896,发发和大魔王,9.3,1,中国,全1话,
29030,霹雳侠峰（普通话）,0.0,50,中国,全50话,
46955,丝路传奇大海图,0.0,52,中国,全52话,
44320,趣说经典之成语故事 第一季,0.0,90,中国,全90话,
39381,巧虎魔法岛历险记,0.0,0,中国,2021年7月24日上映,
72660,疯狂小糖 第四季,0.0,30,中国,全30话,
46981,钟南山的故事,0.0,5,中国,全5话,
38193,乐比悠悠教育系列之快乐成长3D版,0.0,104,中国,全104话,
24744,霹雳惊涛（闽南语）,0.0,42,中国,全42话,
92534,虹猫蓝兔七侠传 英文版,0.0,108,中国,全108话,
26021,霹雳魔封（普通话）,0.0,60,中国,全60话,
40479,杰米熊之魔幻马戏团,0.0,52,中国,全52话,
118961,火凤燎原 第三季,0.0,0,中国,即将开播,
39629,斗神姬 日语版,6.8,12,中国,全12话,
46889,不一样的科学故事,0.0,60,中国,全60话,
6380,龙骑侍 粤语版,9.2,1,中国,全1话,
38303,马克思说经济危机,9.7,8,中国,全8话,
72902,孔子归来,3.9,13,中国,全13话,
38176,乐比悠悠教育系列1,0.0,104,中国,全104话,
22626,霹雳天命之战祸邪神Ⅱ破邪传（闽南语）,0.0,50,中国,全50话,
41117,宴,8.5,0,中国,2021年1月1日上映,
46964,科普中国之阿优学科学,0.0,32,中国,全32话,
38365,魔幻仙踪,9.8,26,中国,全26话,
72670,百变校巴成语故事,0.0,30,中国,全30话,
44451,我真的没用咩？日语版,0.0,12,中国,全12话,
46881,小强与旺财,0.0,78,中国,全78话,
40475,火星娃勇闯魔晶岛,9.7,52,中国,全52话,
72755,托宝战士之银河侦探 第2季,0.0,26,中国,全26话,
39906,谢谢小花猫,9.4,0,中国,1950年1月1日上映,
109031,钢炽之芯,0.0,26,中国,全26话,
104979,鲲吞天下之掌门归来 日语版,0.0,12,中国,全12话,
72711,年的味道,3.3,1,中国,全1话,
5715,霹雳皇朝之铡龑史,0.0,30,中国,全30话,
29029,霹雳侠峰（闽南语）,0.0,50,中国,全50话,
236294,雷速登闪电冲线,0.0,26,中国,全26话,
72752,奇趣特工队,0.0,26,中国,全26话,
41864,包子和小米粥 第一季,0.0,26,中国,全26话,
119018,我在废土世界扫垃圾,0.0,0,中国,即将开播,
39061,梦舟少年志第四季 西汉公主,0.0,38,中国,全38话,
48533,盟卡车神之龙兽觉醒,0.0,26,中国,全26话,
5170,郑成功,8.7,52,中国,全52话,
38860,星火传承,0.0,4,中国,全4话,
38646,小小世界历险记,9.6,52,中国,全52话,
46507,猪猪侠之益智课堂5,0.0,30,中国,全30话,
43975,主公在哪 第二季,0.0,26,中国,全26话,
43775,中国历史文化名人,0.0,22,中国,全22话,
126314,钢甲小龙侠,0.0,26,中国,全26话,
123545,龙宝小英雄,0.0,26,中国,全26话,
5443,襄阳萌物语,0.0,14,中国,全14话,
46967,阿优之神奇幻镜,0.0,26,中国,全26话,
40698,渔王,8.7,0,中国,2021年12月1日上映,
126981,木奇灵 第2季,0.0,52,中国,更新至第52话,
38514,天才发明家,0.0,73,中国,全73话,
123519,皮皮鲁安全特工队 第三季,0.0,13,中国,全13话,
125144,帮帮龙出动,0.0,46,中国,全46话,
38488,小鹰晋级,0.0,20,中国,全20话,
40505,小猫威力,0.0,26,中国,全26话,
72938,我是发明家 第1季,4.1,13,中国,全13话,
113970,斩月 动态漫,0.0,40,中国,全40话,
4856,环保特勤组,3.3,26,中国,全26话,
39789,聪明的鸭子,0.0,0,中国,1960年6月14日上映,
72647,百变校巴英文儿歌 第1季,0.0,13,中国,全13话,
123547,托宝战士之银河侦探 第6季,0.0,32,中国,全32话,
73957,记忆管理局,0.0,0,中国,即将开播,
102995,掌门低调点 动态漫 第二季,0.0,60,中国,更新至第60话,
126201,心奇爆龙战车之驯龙斗士,0.0,26,中国,全26话,
73962,难哄,0.0,0,中国,即将开播,
47722,超变战陀之百变战陀2,0.0,26,中国,全26话,
38425,乐乐来了,0.0,52,中国,全52话,
112224,父与子3D版,2.4,36,中国,更新至第36话,
99792,心奇爆龙战车之恐龙帮帮忙,0.0,26,中国,全26话,
38594,下姜村的绿水青山梦,0.0,7,中国,全7话,
46969,阿优学科学 第二季,0.0,30,中国,全30话,
47261,四季童年,0.0,0,中国,2023年12月15日上映,
103016,这个大佬画风不对 动态漫,0.0,24,中国,更新至第24话,
38326,山猫和吉咪之全家乐,0.0,108,中国,全108话,
46856,魔法学院 第六季,0.0,16,中国,全16话,
48245,爆炫星陀,0.0,26,中国,全26话,
28651,可爱的中国,8.8,12,中国,全12话,
6092,《麦田故事：科学探索》,0.0,10,中国,全10话,
46501,逗逗迪迪爱唱歌 第3季,0.0,104,中国,全104话,
40167,草精灵,0.0,52,中国,全52话,
72586,工程车救援行动队 第1季,0.0,20,中国,全20话,
46961,阿优之神奇萝卜 第二季,0.0,26,中国,全26话,
39759,鹬蚌相争,9.8,0,中国,1984年2月24日上映,
6044,三国果果,0.0,9,中国,全9话,
46724,跳跳鱼世界 第七季,0.0,26,中国,全26话,
43805,中华弟子规前传,0.0,6,中国,全6话,
38131,十二生肖之天下属兔,0.0,40,中国,全40话,
72730,奇趣特工队之超时空奇兵 第1季,0.0,20,中国,全20话,
48671,星星班长,0.0,24,中国,全24话,
4321,野生动物宝宝 第一季,0.0,52,中国,全52话,
46703,盟卡车神之魔幻元珠 第三季,0.0,26,中国,全26话,
124490,泡泡美人鱼 第1季,0.0,26,中国,全26话,
38117,十二生肖之龙行天下,0.0,40,中国,全40话,
5904,鹅毛笔,9.5,5,中国,全5话,
72765,荒岛历险记之罗克和编程猫,0.0,40,中国,全40话,
3320,白想这么多,0.0,30,中国,全30话,
39811,差不多,9.3,0,中国,1964年1月1日上映,
46982,魔能圣甲,0.0,26,中国,全26话,
46965,阿优之兔智来了,0.0,26,中国,全26话,
2526,白鸽岛,9.7,52,中国,全52话,
46505,百变校巴之太空日记1,0.0,30,中国,全30话,
46753,英语俱乐部,0.0,95,中国,全95话,
44321,趣说经典之成语故事 第二季,0.0,90,中国,全90话,
46966,三只兔子,0.0,26,中国,全26话,
26020,霹雳魔封（闽南语）,0.0,60,中国,全60话,
124588,指令宝贝,0.0,45,中国,全45话,
39658,红荒 第二季,0.0,0,中国,,
44269,中华上下五千年之成语故事篇 第一季,0.0,40,中国,全40话,
42425,守神,0.0,0,中国,2022年8月4日上映,
47005,爱精灵乐吉儿,0.0,52,中国,全52话,
38174,乐比悠悠2,0.0,52,中国,全52话,
40233,猪迪克之梦想训练营,0.0,26,中国,全26话,
33518,大鸾——周恩来童年读书的故事,0.0,1,中国,全1话,
103003,神豪之天降系统 动态漫,0.0,80,中国,更新至第80话,
39932,采蘑菇,8.2,0,中国,1953年1月1日上映,
39845,一条丝腰带,9.7,0,中国,1961年1月1日上映,
6017,美少女大劈叉 第二季,0.0,13,中国,全13话,
25467,霹雳天命之仙魔鏖锋Ⅱ斩魔录（普通话）,0.0,60,中国,全60话,
4322,野生动物宝宝 第二季,0.0,28,中国,全28话,
44324,小小画家熊小米,0.0,50,中国,全50话,
123518,皮皮鲁安全特工队 第二季,0.0,13,中国,更新至第13话,
88110,《纸张王国》动画儿歌,0.0,74,中国,全74话,
25463,霹雳惊涛（普通话）,0.0,42,中国,全42话,
102999,从零开始当首富 动态漫,0.0,45,中国,全45话,
38319,今天·明天,6.8,0,中国,2012年5月11日上映,
123512,百变校巴之奇妙大自然4,0.0,26,中国,全26话,
38179,乐比悠悠3D版,0.0,104,中国,全104话,
88092,孔子,7.8,104,中国,全104话,
5760,特别车队,9.5,13,中国,全13话,
35204,扳手少年,0.0,0,中国,即将开播,
40192,跳跃战士2,0.0,32,中国,全32话,
46991,百变雄师 第三季,0.0,52,中国,全52话,
38536,蓝巨星与绿豆鲨,0.0,60,中国,全60话,
39904,牧笛,9.8,0,中国,1963年1月1日上映,
43801,虹猫蓝兔开心智趣园,0.0,13,中国,全13话,
39807,神笔,9.8,0,中国,1955年1月1日上映,
40191,跳跃战士,0.0,26,中国,全26话,
72585,奇特工程车 第2季,0.0,20,中国,全20话,
126416,百变布鲁可 第2季,0.0,20,中国,全20话,
40369,机智的山羊,0.0,0,中国,1956年1月1日上映,
39741,山水情,9.8,0,中国,1988年1月1日上映,
47037,八仙过海,0.0,10,中国,全10话,
39052,蔬果小镇,2.8,52,中国,全52话,
39969,成长这东西,0.0,52,中国,全52话,
46950,故事奶奶,0.0,26,中国,全26话,
38175,乐比悠悠3,0.0,104,中国,全104话,
40179,大吉成长记,0.0,28,中国,全28话,
72722,银河封神纪 第1季,0.0,30,中国,全30话,
40803,三字经里的故事,4.4,26,中国,全26话,
46871,小猫汤米 第一季,0.0,26,中国,全26话,
46897,天眼归来之魔法一家,0.0,208,中国,全208话,
38153,笑林功夫,0.0,208,中国,全208话,
46923,百变布鲁可之欢乐小镇,0.0,18,中国,全18话,
46829,阿木狗和丁丁猫,4.8,49,中国,全49话,
102829,最强弃少 动态漫,0.0,80,中国,更新至第80话,
46847,金色童年亲子动画绘本之老树新丫,0.0,23,中国,全23话,
39820,小燕子,9.8,0,中国,1960年1月1日上映,
72678,乐儿智慧乐园 幼儿启蒙,0.0,344,中国,全344话,
46872,小猫汤米 第二季,0.0,26,中国,全26话,
46465,钢铁飞龙4捕梦奇兵,0.0,26,中国,全26话,
6023,霹雳天命之仙魔鏖锋Ⅱ斩魔录（闽南语）,0.0,60,中国,全60话,
47723,超变兽车侠,0.0,20,中国,全20话,
39918,派乐奇童,0.0,38,中国,全38话,
72731,奇趣特工队之超时空奇兵 第2季,0.0,20,中国,全20话,
123444,猪猪侠之超星五灵侠7,0.0,13,中国,全13话,
126389,进击的机甲之圣戒飞陀,0.0,40,中国,全40话,
46990,百变雄师 第二季,0.0,52,中国,全52话,
40094,大侠山猫和吉咪 第一季,0.0,52,中国,全52话,
46860,变形联盟之超限突破,0.0,26,中国,全26话,
47501,人参果,0.0,1,中国,全1话,
72704,马年新愿,5.4,1,中国,全1话,
72735,托宝战士之银河侦探 第3季,0.0,20,中国,全20话,
121468,开局签到至尊丹田 动态漫,0.0,49,中国,更新至第49话,
206639,仙子，你有大凶之兆 动态漫,0.0,50,中国,更新至第50话,
99799,魔法学院 第三季,0.0,22,中国,全22话,
28650,冰雪冬奥村,0.0,26,中国,全26话,
6088,《麦田故事：节日》,0.0,5,中国,全5话,
47508,曹冲称象,0.0,1,中国,全1话,
124420,熊仔之雄心壮志,0.0,52,中国,全52话,
72584,奇特工程车 第1季,0.0,20,中国,全20话,
48672,星星班长 第二季,0.0,24,中国,全24话,
39843,小溪流,9.8,0,中国,1962年1月1日上映,
5202,喵星人,0.0,12,中国,全12话,
39740,眉间尺,9.6,0,中国,1991年11月1日上映,
124582,百变马丁 第3季,0.0,26,中国,全26话,
38182,十二生肖之羊羊得意,0.0,40,中国,全40话,
44332,土豆来了,8.3,60,中国,全60话,
149530,玄幻：家人背叛，我选择成为邪神 动态漫,0.0,32,中国,更新至第32话,
38427,肥猫瘦狗精灵鼠,4.3,26,中国,全26话,
46878,中华美德 成语教育动画,8.2,48,中国,全48话,
47487,猩猩探长,0.0,13,中国,全13话,
39071,狮猫参学记之弟子规的故事,0.0,160,中国,全160话,
40476,火星娃益智煲,0.0,52,中国,全52话,
72895,诸葛亮之定军山,3.0,10,中国,全10话,
46786,龟兔赛跑后传,4.6,4,中国,全4话,
38148,老鼠笔记之深海探险,2.8,300,中国,全300话,
47486,牛牛和西西,0.0,13,中国,全13话,
32364,在那遥远的地方,9.3,3,中国,全3话,
154919,飓风战魂之旋力启源 第7季,7.0,20,中国,全20话,
46861,变形联盟之勇士崛起,0.0,30,中国,全30话,
47969,一,0.0,0,中国,2024年6月14日上映,
39917,中国男孩,0.0,12,中国,全12话,
46857,节气小精灵,0.0,52,中国,全52话,
124477,新西游历险记 第2季,0.0,26,中国,全26话,
44410,九羊村的故事,2.7,60,中国,全60话,
39939,长发妹,0.0,0,中国,1963年1月1日上映,
124476,新西游历险记 第一季,0.0,26,中国,全26话,
72674,猪猪侠恐龙爆笑研究所,0.0,40,中国,全40话,
43979,东方可儿之摩登学园,0.0,26,中国,全26话,
38364,魔幻仙踪Ⅰ 3D,0.0,26,中国,全26话,
44270,中华上下五千年之成语故事篇 第二季,0.0,75,中国,全75话,
123461,百变校巴17,0.0,13,中国,全13话,
39771,小八路,9.6,0,中国,1974年1月20日上映,
44289,少年师爷之勇者闯江南,0.0,26,中国,全26话,
46503,逗逗迪迪之美梦精灵2,0.0,13,中国,全13话,
72732,奇趣特工队之超时空奇兵 第3季,0.0,20,中国,全20话,
40092,大侠山猫和吉咪 第二季,0.0,52,中国,全52话,
46939,乐儿科普动漫 第三季,0.0,393,中国,全393话,
46911,巨龙山谷,4.9,16,中国,全16话,
38145,乐比悠悠之动物自然,0.0,52,中国,全52话,
47188,变形联盟之雷霆再起,0.0,26,中国,全26话,
44299,新大头儿子和小头爸爸褔鼠送吉,2.7,1,中国,全1话,
126415,百变布鲁可 第1季,0.0,20,中国,全20话,
47507,善良的夏吾冬,0.0,1,中国,全1话,
44240,每夜一故事,0.0,150,中国,全150话,
46988,奇趣特工队之正义守卫者,0.0,26,中国,全26话,
48500,时光的画笔,0.0,24,中国,全24话,
38327,山猫和吉咪之嘉年华,0.0,108,中国,全108话,
72652,你好！卟卟5,0.0,26,中国,全26话,
44267,小小画家熊小米之二十四节气,0.0,24,中国,全24话,
126152,爆速合体,0.0,40,中国,全40话,
45397,日出原理,0.0,0,中国,2023年6月10日上映,
28913,麒麟先生,9.6,11,中国,全11话,
43934,蹴鞠小子,0.0,52,中国,全52话,
46827,云奇飞行日记,0.0,78,中国,全78话,
39919,金色的海螺,0.0,0,中国,1963年1月1日上映,
38132,十二生肖之马上就好,0.0,40,中国,全40话,
102998,道君 动态漫,0.0,30,中国,更新至第30话,
47512,假如我是武松,0.0,1,中国,全1话,
46776,快乐的小熊尼尼 第二季,7.9,60,中国,全60话,
44294,熊猫和奇异鸟,0.0,52,中国,全52话,
46970,三只兔子 第二季,0.0,26,中国,全26话,
44357,神兽金刚之超变星甲2,0.0,46,中国,全46话,
5176,小兔侠之功夫学校第二季,0.0,104,中国,全104话,
47506,抬驴,0.0,1,中国,全1话,
1803,拯救侏罗纪,8.6,13,中国,全13话,
47493,熊猫百货商店,0.0,1,中国,全1话,
92535,虹猫蓝兔海底历险记 英文版,0.0,52,中国,全52话,
43988,少年苏东坡,0.0,24,中国,全24话,
46971,阿优的烦恼,0.0,26,中国,全26话,
28043,领风者 动态漫,0.0,8,中国,全8话,
39083,曲苑荟萃,0.0,247,中国,全247话,
47516,乌鸦为什么是黑的,0.0,1,中国,全1话,
38177,乐比悠悠教育系列3,0.0,104,中国,全104话,
46754,宝宝爱学习,0.0,23,中国,全23话,
47489,皮皮的故事,0.0,10,中国,全10话,
44337,跳跳鱼世界 第三季,0.0,26,中国,全26话,
38430,小猪班纳2,0.0,52,中国,全52话,
46864,旗旗号巡洋舰 第二季,0.0,26,中国,全26话,
47498,张飞审瓜,0.0,1,中国,全1话,
47495,好猫咪咪,0.0,1,中国,全1话,
102892,重生都市天尊 动态漫,0.0,52,中国,更新至第52话,
47485,应该靠自己,0.0,5,中国,全5话,
46499,逗逗迪迪爱唱歌 第1季,0.0,36,中国,全36话,
46723,跳跳鱼世界 第六季,0.0,26,中国,全26话,
47509,小熊猫学木匠,0.0,1,中国,全1话,
47659,魔鬼芯片,0.0,26,中国,全26话,
40800,榜样发现团,0.0,16,中国,全16话,
38431,小猪班纳3,0.0,52,中国,全52话,
124586,百变马丁 第7季,0.0,26,中国,全26话,
43981,翻开这一页 第4季,0.0,10,中国,全10话,
27058,万里雪歌,0.0,3,中国,全3话,
44301,新大头儿子和小头爸爸“牛”转钱乾坤,2.8,1,中国,全1话,
40232,猪迪克之古怪岛大冒险,9.8,26,中国,全26话,
5438,小樱桃 第二季,0.0,26,中国,全26话,
44268,小智慧国学课堂之中华名人故事 第二季,0.0,64,中国,全64话,
124491,泡泡美人鱼 第2季,0.0,26,中国,全26话,
44327,跳跳鱼世界 第5季,0.0,26,中国,全26话,
46831,中华上下五千年之民间故事传说,0.0,26,中国,全26话,
72724,魔方战士 第1季,0.0,26,中国,全26话,
43941,编码学院,0.0,52,中国,全52话,
124960,棉花糖和云朵妈妈 爱的点心盒子,0.0,40,中国,全40话,
25481,霹雳天命之战祸邪神Ⅱ破邪传（普通话）,0.0,50,中国,全50话,
46968,阿优之兔智来了 第二季,0.0,26,中国,全26话,
126153,快乐集结号,0.0,58,中国,全58话,
123509,百变校巴之奇妙大自然 第1季,0.0,26,中国,全26话,
39053,耿村民间故事,0.0,26,中国,全26话,
44334,摩登大自然 第一季,0.0,24,中国,全24话,
47511,狼来了,0.0,1,中国,全1话,
38503,我要回家,0.0,26,中国,全26话,
72572,小小的世界,0.0,108,中国,全108话,
126986,木奇灵 第3季,0.0,52,中国,全52话,
47613,家有开心果,0.0,13,中国,全13话,
5175,小兔侠之功夫学校,0.0,104,中国,全104话,
46773,中华上下五千年之名人故事篇 第一季,0.0,64,中国,全64话,
43365,临渊行,0.0,0,中国,即将开播,
43795,萝卜兔土豆2,0.0,52,中国,全52话,
124581,百变马丁 第2季,0.0,26,中国,全26话,
44914,大话江湖录 第二季,0.0,26,中国,全26话,
40473,欢乐鸡,8.8,52,中国,全52话,
46938,乐儿成语故事,0.0,150,中国,全150话,
47514,小蛋壳,0.0,1,中国,全1话,
32526,铁扇公主,9.8,0,中国,1941年1月1日上映,
38480,武当虹少年,0.0,26,中国,全26话,
46863,旗旗号巡洋舰 第一季,0.0,26,中国,全26话,
43796,萝卜兔土豆3,0.0,52,中国,全52话,
46891,乐比悠悠学成语,0.0,52,中国,全52话,
46940,超甲虫战记·无限曙光,0.0,26,中国,全26话,
40169,超甲虫战记·圣域传,0.0,26,中国,全26话,
123259,马头琴――内蒙古民间故事,0.0,15,中国,全15话,
44262,诗歌里的故事,0.0,72,中国,全72话,
38307,书架上的奇妙世界第二部,0.0,64,中国,全64话,
46840,哈哈熊童话世界之奇妙画室,0.0,35,中国,全35话,
45521,狐狸列那,0.0,0,中国,1989年1月1日上映,
47651,钟点父子,0.0,26,中国,全26话,
126267,三只松鼠,0.0,52,中国,全52话,
38301,童话梦工厂,0.0,64,中国,全64话,
72681,阿U学英语,0.0,26,中国,全26话,
44322,我们的朋友熊小米,0.0,52,中国,全52话,
44407,喜多多与乖宝宝,2.8,60,中国,全60话,
47491,没牙的老虎,0.0,1,中国,全1话,
47652,白玉堂,0.0,52,中国,全52话,
46962,阿优之梦想系列,0.0,40,中国,全40话,
45392,明日恐惧症,0.0,0,中国,2023年6月10日上映,
38187,酷酷小吉正传之钩钩岛第三部,0.0,52,中国,全52话,
72950,新大头儿子和小头爸爸传奇兜兜,0.0,1,中国,全1话,
124929,汽车星球 第3季,0.0,30,中国,全30话,
46846,金色童年亲子动画绘本之豆豆成长记,0.0,6,中国,全6话,
38178,乐比悠悠教育系列4,0.0,156,中国,全156话,
72710,新大头儿子和小头爸爸之超能爸爸,0.0,1,中国,全1话,
41315,偷猎者,0.0,0,中国,2021年1月1日上映,
107932,疾风劲射 第一季 下,0.0,26,中国,全26话,
47538,小鸡彩虹 第八季,0.0,26,中国,全26话,
46880,安全小卫士 第二季,0.0,52,中国,全52话,
39841,26个秘密 ,0.0,26,中国,全26话,
72888,汽车星球 第2季,0.0,30,中国,全30话,
38342,丘比特大闹十二星座,0.0,48,中国,全48话,
42502,大有,0.0,0,中国,2022年8月4日上映,
46896,天眼归来之幸福配方,0.0,104,中国,全104话,
46983,动车侠之城市守卫者,0.0,26,中国,全26话,
38978,小蜜蜂 第二季,0.0,78,中国,全78话,
42421,出大事啦,0.0,0,中国,2022年8月4日上映,
72547,桃花夫人,0.0,26,中国,全26话,
41278,一天,0.0,0,中国,2021年1月1日上映,
47003,龙宝小英雄之精彩历险,0.0,13,中国,全13话,
47484,快乐家家车,0.0,52,中国,全52话,
46500,逗逗迪迪爱唱歌 第2季,0.0,68,中国,全68话,
228599,宇宙护卫队：百变流星,0.0,0,中国,2026年1月24日上映,
47505,猴子捞月,0.0,1,中国,全1话,
38325,英雄故事会,0.0,64,中国,全64话,
35777,半夜鸡叫,0.0,0,中国,1964年1月1日上映,
124961,新大头儿子和小头爸爸 带你看中国 第2季,0.0,40,中国,全40话,
39933,好朋友,0.0,0,中国,1954年1月1日上映,
46838,宝宝乐学堂之嘻哈冒险岛 第二季,0.0,150,中国,全150话,
47503,真假李逵,0.0,1,中国,全1话,
40096,开心一刻,0.0,22,中国,全22话,
38700,霹雳兵烽决,0.0,46,中国,全46话,
47612,红孩儿传奇,0.0,26,中国,全26话,
38482,武当虹少年2,0.0,26,中国,全26话,
72709,新大头儿子和小头爸爸之草原奇遇,0.0,1,中国,全1话,
44409,旺旺成长记,0.0,100,中国,全100话,
45991,天界代购店 动态漫,0.0,13,中国,全13话,
43969,山猫和吉咪之一家亲,0.0,108,中国,全108话,
126313,碳基生物进化指南：最强蜗牛独眼篇,0.0,15,中国,全15话,
46837,安全礼仪早知道,0.0,150,中国,全150话,
40488,宇宙钥匙,0.0,52,中国,全52话,
31146,小凉帽之白鹭归来,0.0,26,中国,全26话,
149526,硬核僵爹：我家闺女是女帝 动态漫,0.0,30,中国,更新至第30话,
44239,越剧：梁山伯与祝英台,0.0,3,中国,全3话,
44254,幸福岛的小伙伴,0.0,52,中国,全52话,
123266,民间寓言小故事,0.0,32,中国,全32话,
39770,红领巾,0.0,0,中国,1964年1月1日上映,
124583,百变马丁 第4季,0.0,26,中国,全26话,
72764,东南特卫队,0.0,52,中国,全52话,
124425,小王子与土豆仔,0.0,52,中国,全52话,
44225,蛋计划之龙兽星球,0.0,26,中国,全26话,
45538,西岳奇童,0.0,0,中国,1984年1月1日上映,
72649,百变校巴成长绘本,0.0,60,中国,全60话,
72903,孔子见老子,0.0,4,中国,全4话,
43982,爆射盾甲,0.0,30,中国,全30话,
46658,绿毛怪格林奇,0.0,0,中国,2018年11月9日上映,
48594,小小知道之恐龙世界大冒险,0.0,30,中国,全30话,
22809,深夜渔堂,0.0,24,中国,全24话,
41624,摩登森林之美食总动员,7.9,0,中国,2014年9月5日上映,
102867,都市阴阳仙医 动态漫,0.0,45,中国,全45话,
46502,逗逗迪迪之美梦精灵1,0.0,13,中国,全13话,
46836,心奇爆龙战车之永宝帮帮忙,0.0,26,中国,全26话,
28376,霹雳靖玄录下阕（普通话）,0.0,28,中国,全28话,
109668,FLUFFY LAND 北大陆篇 动态漫,9.1,8,中国,更新至第8话,
44287,少年师爷之公祭大禹,0.0,26,中国,全26话,
47662,超级球迷,0.0,26,中国,全26话,
39081,开心艺苑,0.0,519,中国,全519话,
149520,死灵法师：我！无限军团横推万物 动态漫,0.0,33,中国,更新至第33话,
40487,土豆多励之一梦一路第二季,0.0,13,中国,全13话,
44119,灵感大冒险 第一季： 灵感来啦,0.0,28,中国,全28话,
40799,榜样,0.0,56,中国,全56话,
46845,金色童年亲子动画绘本之卷卷成长记,0.0,6,中国,全6话,
44120,灵感大冒险 第二季：小小发明王,0.0,30,中国,全30话,
43360,完美至尊,0.0,0,中国,即将开播,
38489,巷食传说,0.0,13,中国,全13话,
72928,魔法可可,0.0,26,中国,全26话,
47494,愚人买鞋,0.0,1,中国,全1话,
124584,百变马丁 第5季,0.0,26,中国,全26话,
72773,数学魔法 第2季,0.0,26,中国,全26话,
236327,梁家妇女,0.0,26,中国,全26话,
108510,海贝贝,0.0,26,中国,全26话,
88097,神探威威猫 第2季,0.0,60,中国,全60话,
38136,老鼠笔记之探秘城市,0.0,500,中国,全500话,
40097,快乐嘟嘟,0.0,104,中国,全104话,
47650,小和尚,0.0,52,中国,全52话,
40486,童声童气看世界,0.0,30,中国,全30话,
47515,东郭先生,0.0,1,中国,全1话,
43995,少年师爷之祭禹盛典,0.0,26,中国,全26话,
47649,小草帽,0.0,26,中国,全26话,
47482,大盗贼,0.0,8,中国,全8话,
38185,酷酷小吉正传之钩钩岛第一部,0.0,26,中国,全26话,
44247,中华成语故事 智慧篇,0.0,58,中国,全58话,
27924,霹雳靖玄录（普通话）,0.0,20,中国,全20话,
126425,翻开这一页 第2季,0.0,13,中国,全13话,
45473,屈原,0.0,1,中国,全1话,
149529,穿越洪荒：开局满级振兴神剑宗 动态漫,0.0,30,中国,更新至第30话,
47502,南郭先生,0.0,1,中国,全1话,
38267,中华历史文化名人,0.0,22,中国,全22话,
46972,阿优的烦恼 第二季,0.0,26,中国,全26话,
43980,东方可儿之摩登学园2,0.0,26,中国,全26话,
46742,小凉帽4之山海奇境,0.0,26,中国,全26话,
44072,茶婆婆渔婆婆蚕婆婆,0.0,36,中国,全36话,
46843,神奇智慧岛,0.0,16,中国,全16话,
38195,乐比悠悠157-208,0.0,52,中国,全52话,
40180,大吉成长记 第二部,0.0,40,中国,全40话,
43372,洪荒志之青丘劫云,0.0,0,中国,即将开播,
46915,少年师爷之唐诗小神童,0.0,26,中国,全26话,
72813,乐比悠悠之天天向上,0.0,156,中国,全156话,
38154,笑林大霹雳,0.0,104,中国,全104话,
42339,宠物乐园,0.0,0,中国,2022年7月28日上映,
43926,歪歪兔行为习惯系列动画片,0.0,10,中国,全10话,
47537,林海雪原,0.0,52,中国,全52话,
124450,小童猫之喵星来客,0.0,52,中国,全52话,
43919,星际小蚂蚁,0.0,90,中国,全90话,
46951,蚂蚁公主 第二季,0.0,26,中国,全26话,
47665,百变宝贝,0.0,26,中国,全26话,
72767,小蜜蜂,0.0,26,中国,全26话,
125172,蓝猫健康特攻队,0.0,104,中国,全104话,
38543,蓝巨星与绿豆鲨 第三季,0.0,40,中国,全40话,
44291,少年师爷之智慧丝路,0.0,26,中国,全26话,
72922,星原小宝之奇妙探索,0.0,60,中国,全60话,
46913,少年师爷之阳明传奇,0.0,26,中国,全26话,
47483,怪老头儿,0.0,4,中国,全4话,
102894,最强神王 动态漫,0.0,56,中国,全56话,
47394,奶泡泡学成语 第一季,0.0,26,中国,全26话,
46979,科学家故事：呦呦有蒿,0.0,10,中国,全10话,
124585,百变马丁 第6季,0.0,26,中国,全26话,
44424,大明王朝 第八季,0.0,60,中国,全60话,
44295,熊猫和小跳羚,0.0,52,中国,全52话,
44307,故事奶奶 第二季,0.0,26,中国,全26话,
47661,西游漫记,0.0,18,中国,全18话,
44323,我们的朋友熊小米(英文版）,0.0,52,中国,全52话,
39051,星系宝贝,3.7,52,中国,全52话,
46948,我的小小美猴王,0.0,52,中国,全52话,
44302,棉花糖和云朵妈妈“牛”转乾坤,0.0,1,中国,全1话,
46844,金色童年亲子动画绘本之我爱我家,0.0,6,中国,全6话,
123526,跳跳鱼世界儿歌 第1季,0.0,26,中国,全26话,
45963,九鼎记,0.0,0,中国,即将开播,
44293,熊猫和卢塔,0.0,52,中国,全52话,
47539,小鸡彩虹 第七季,0.0,26,中国,全26话,
44288,少年师爷之忠义满乾坤,0.0,26,中国,全26话,
72656,你好！卟卟6,0.0,26,中国,全26话,
44245,中华成语故事 励志篇,0.0,50,中国,全50话,
123496,百变校巴儿歌1,0.0,10,中国,全10话,
44306,星星梦 第三季,0.0,52,中国,全52话,
100574,潜艇总动员：冒险岛,0.0,0,中国,2025年5月31日上映,
72926,山海宝贝 第2季,0.0,26,中国,全26话,
39802,山羊和狼,0.0,0,中国,1960年7月6日上映,
39916,玉骐麟之仙灵奇域,0.0,52,中国,全52话,
48527,FLUFFY LAND 动态漫 英语版,0.0,20,中国,全20话,
46743,语文趣世界,0.0,28,中国,全28话,
36136,孔雀公主,0.0,0,中国,1963年1月1日上映,
39840,小老虎邦邦,0.0,9,中国,全9话,
44413,百吉学堂之三字经,0.0,52,中国,全52话,
46980,天眼之父南仁东,0.0,10,中国,全10话,
118963,胶囊计划 奇迹,0.0,0,中国,即将开播,
41189,Evelyn,0.0,0,中国,2021年1月1日上映,
48675,皮皮鲁和鲁西西之309暗室,0.0,0,中国,2024年10月1日上映,
44326,跳跳鱼世界故事会 第2季,0.0,52,中国,全52话,
72915,超元绝战之传说卡,0.0,26,中国,全26话,
6089,《麦田故事：历史》,0.0,8,中国,全8话,
39801,怕羞的黄莺,9.8,0,中国,1960年10月4日上映,
123525,开心超人联盟之健康小卫士,0.0,60,中国,全60话,
72791,多多趣味识字课堂 第1季,0.0,60,中国,全60话,
47492,画廊一夜,0.0,1,中国,全1话,
39829,大名府,0.0,0,中国,1962年1月1日上映,
46778,西游超级粉,0.0,100,中国,全100话,
47945,龙门,0.0,0,中国,2024年6月14日上映,
40181,大吉成长记 第三部,0.0,33,中国,全33话,
46791,云奇飞行日记 第三季,0.0,78,中国,全78话,
44250,巧手鲁班 第一季,0.0,208,中国,全208话,
32534,渔童,9.8,0,中国,1959年1月1日上映,
46954,熊猫和开心球,0.0,52,中国,全52话,
39321,天朝小吃二三事,0.0,10,中国,全10话,
38149,孟姜女,0.0,26,中国,全26话,
48501,成语中国 第一季,0.0,20,中国,全20话,
46738,那萨尔丁东游记,0.0,25,中国,全25话,
44335,快乐的小熊尼尼,0.0,75,中国,全75话,
149528,网游：从野怪进化成最强反派 动态漫,0.0,40,中国,更新至第40话,
46886,贾老爷开店,0.0,40,中国,全40话,
44376,环球童话城之安徒生童话,0.0,58,中国,全58话,
44241,玩具之家,0.0,100,中国,全100话,
44290,少年师爷之稽山阳明,0.0,26,中国,全26话,
46839,故事小号手,0.0,16,中国,全16话,
72954, 新大头儿子和小头爸爸 除夕·白夜城,0.0,1,中国,全1话,
6090,《麦田故事：地理》,0.0,6,中国,全6话,
44913,大话江湖录 第一季,0.0,10,中国,全10话,
46992,百变雄师 第四季,0.0,20,中国,全20话,
38328,山猫和吉咪之快乐篇,0.0,108,中国,全108话,
46893,嘀嗒传奇,0.0,52,中国,全52话,
102888,开局一条鲲 动态漫,0.0,40,中国,更新至第40话,
38555,霹雳天越,0.0,32,中国,全32话,
126308,星空救援队,0.0,36,中国,全36话,
124951,呼噜噜幻影队 第1季,0.0,24,中国,全24话,
44272,叽里咕噜讲故事,0.0,50,中国,全50话,
28445,郑义门,0.0,12,中国,全12话,
124983,小河狸贝瓦动画片,0.0,24,中国,全24话,
123447,百变校巴8,0.0,13,中国,全13话,
148585,我从氪金成为王者 动态漫,0.0,33,中国,更新至第33话,
46998,托宝战士之我教你画,0.0,20,中国,全20话,
123260,小学生必背古诗词 第一季,0.0,10,中国,全10话,
46769,空天战队,0.0,52,中国,全52话,
99794,跳跳鱼世界故事会,0.0,52,中国,全52话,
27925,霹雳靖玄录（闽南语）,0.0,20,中国,全20话,
28378,霹雳靖玄录下阕（闽南语）,0.0,28,中国,全28话,
72553,儿童小百科,0.0,52,中国,全52话,
46823,黑云国历险记,3.4,19,中国,全19话,
46810,神鸡包美丽 第二季,0.0,40,中国,全40话,
46914,少年师爷之越地传说,0.0,26,中国,全26话,
46890,杰米熊之魔瓶大冒险,0.0,52,中国,全52话,
44255,平平与妞妞,0.0,52,中国,全52话,
38311,飞跃地心,0.0,0,中国,2014年8月9日上映,
46978,阿U学堂之中华诗词篇,0.0,77,中国,全77话,
46795,成长这东西 第二季,0.0,52,中国,全52话,
123499,百变校巴儿歌4,0.0,10,中国,全10话,
72565,水果三国,0.0,13,中国,全13话,
123492,百变校巴儿歌6,0.0,10,中国,全10话,
47395,奶泡泡学成语 第二季,0.0,26,中国,全26话,
44300,棉花糖和云朵妈妈褔鼠送吉,0.0,1,中国,全1话,
126470,猛兽战警,0.0,30,中国,全30话,
38324,聪明宠物蛋之奇幻旅程,0.0,64,中国,全64话,
6490,霹雳天命之战祸邪神（闽南语）,0.0,20,中国,全20话,
38135,老鼠笔记之行游天下,0.0,500,中国,全500话,
88096,神探威威猫,0.0,68,中国,全68话,
45670,马兰花,0.0,0,中国,2009年6月19日上映,
44345,智慧岛传奇,0.0,26,中国,全26话,
72567,奇奇妙妙博物馆,0.0,24,中国,全24话,
72557,淘气猪多多之我爱画画 第四季,0.0,36,中国,全36话,
46975,药品安全科普动画2,0.0,5,中国,全5话,
125018,蓝猫MTV,0.0,264,中国,全264话,
45066,福喜临门,0.0,26,中国,全26话,
72673,猪猪侠爆笑科普乐园,0.0,30,中国,全30话,
47031,非常小子马鸣加 第二季,0.0,52,中国,全52话,
44349,海豚帮帮号 第四季,0.0,13,中国,全13话,
47963,小诗人,0.0,0,中国,2024年6月14日上映,
126426,翻开这一页 第3季,0.0,10,中国,全10话,
48019,百工灵,0.0,24,中国,全24话,
38349,嘻哈三人行,0.0,40,中国,全40话,
44331,小豆派派亲子园之情景认字,0.0,78,中国,全78话,
40474,火星娃健康成长,0.0,52,中国,全52话,
47611,怪城,0.0,26,中国,全26话,
44355,跳跳鱼世界 第四季,0.0,26,中国,全26话,
127095,神奇画笔之恐龙世界,0.0,26,中国,全26话,
46835,神奇飞船之中华寻宝,0.0,34,中国,全34话,
44237,恐龙可可,0.0,13,中国,全13话,
44346,海豚帮帮号 第一季,0.0,13,中国,全13话,
45959,第九纪元之回溯列车,0.0,0,中国,即将开播,
123513,百变校巴之奇妙大自然5,0.0,26,中国,更新至第26话,
44425,大明王朝 第九季,0.0,60,中国,全60话,
72784,趣说中华名人故事 第1季,0.0,32,中国,全32话,
123476,百变校巴之星际旅行5,0.0,26,中国,全26话,
38701,霹雳朝灵阙,0.0,30,中国,全30话,
46974,阿优的日常,0.0,5,中国,全5话,
39940,太阳的小客人,0.0,0,中国,1961年1月1日上映,
68562,五侠笑闯中洲,0.0,12,中国,全12话,
72925,山海宝贝,0.0,26,中国,全26话,
72562,彩虹森林的故事 第2季,0.0,78,中国,全78话,
72561,猪多多之十万个为什么 第1季,0.0,50,中国,全50话,
123500,百变校巴儿歌5,0.0,10,中国,全10话,
44273,酷宝家族之小兔西欧,0.0,52,中国,全52话,
119016,尚善,0.0,0,中国,即将开播,
46779,魔法城,0.0,45,中国,全45话,
44395,小猴眯乐之点亮梦想,0.0,20,中国,全20话,
88141,乐比悠悠教育系列2,0.0,208,中国,全208话,
38428,云龙传奇之九龙战记,0.0,26,中国,全26话,
40202,怪物公寓之友情篇章,0.0,11,中国,全11话,
39768,两只小孔雀,0.0,0,中国,1978年11月29日上映,
44246,开心豆豆之萌娃日记,0.0,32,中国,全32话,
47664,中华美德,0.0,100,中国,全100话,
123446,百变校巴7,0.0,13,中国,全13话,
40806,中华传统文化故事·节庆篇,0.0,80,中国,全80话,
25478,霹雳天命之战祸邪神（普通话）,0.0,20,中国,全20话,
46875,漫虫记 第二季,0.0,26,中国,全26话,
24341,霹雳天命之仙魔鏖锋（闽南语）,0.0,50,中国,全50话,
123498,百变校巴儿歌3,0.0,10,中国,全10话,
123475,百变校巴之星际旅行4,0.0,26,中国,全26话,
72548,小羊哈哈童年日记之礼仪篇,0.0,30,中国,全30话,
44283,智慧成长蛋蛋龙,0.0,18,中国,全18话,
124453,超能小星探,0.0,26,中国,全26话,
118920,百日成王,0.0,0,中国,即将开播,
149531,从婴儿开始的先天圣族 动态漫,0.0,30,中国,更新至第30话,
47396,奶泡泡学成语 第三季,0.0,26,中国,全26话,
39891,特工兔之神秘的网站,0.0,20,中国,全20话,
40229,小康来了第二季,0.0,26,中国,全26话,
38542,蓝巨星与绿豆鲨 第二季,0.0,20,中国,全20话,
123473,百变校巴之星际旅行2,0.0,26,中国,全26话,
46709,三国典故 第一季,0.0,26,中国,全26话,
47026,航天小子之少年航天梦,0.0,26,中国,全26话,
44280,水木名著之旅,0.0,270,中国,全270话,
44274,酷宝家族之小兔西欧2,0.0,52,中国,全52话,
44230,蔬菜不寂寞 第28季,0.0,20,中国,全20话,
46973,药品安全科普动画,0.0,5,中国,全5话,
44347,海豚帮帮号 第二季,0.0,13,中国,全13话,
46898,贝奇的一家,0.0,52,中国,全52话,
38527,爱画画的嘟噜瓜,0.0,36,中国,全36话,
46766,星际小蚂蚁之五行归来,0.0,25,中国,全25话,
44400,中国熊猫之保卫家园,0.0,104,中国,全104话,
47017,星际小蚂蚁之环球追梦 第一季,0.0,25,中国,全25话,
47011,云奇飞行日记 第二季,0.0,78,中国,全78话,
72723,梦幻乐园奇遇记,0.0,1,中国,全1话,
72782,菠萝王国,0.0,11,中国,全11话,
124955,儿童健康指南 第1季,0.0,42,中国,全42话,
45472,环游地球八十天,0.0,0,中国,1998年11月8日上映,
72948,棉花糖和云朵妈妈超级小米花,0.0,1,中国,全1话,
46977,药品安全科普动画3,0.0,4,中国,全4话,
72785,中华上下五千年之传统节日篇,0.0,40,中国,全40话,
43787,阿古顿巴的故事 第一季,0.0,26,中国,全26话,
39763,小白鸽,0.0,0,中国,1978年7月12日上映,
72543,一千零一夜之拯救黄金城,0.0,52,中国,全52话,
126188,行游记 第1季,0.0,13,中国,全13话,
38880,小戒别淘气 第二季,0.0,108,中国,全108话,
44285,抱抱我,0.0,52,中国,全52话,
44263,启鱼·成语故事 古物篇,0.0,26,中国,全26话,
47397,奶泡泡学成语 第四季,0.0,26,中国,全26话,
43797,蔬菜不寂寞 第3季,0.0,20,中国,全20话,
46834,豫游记之信阳篇,0.0,22,中国,全22话,
5759,娇娇与晶晶,0.0,10,中国,全10话,
38166,奥运趣闻,0.0,40,中国,全40话,
72941,青田小田鱼,0.0,20,中国,全20话,
6025,霹雳侠影之轰定干戈（闽南语）,0.0,32,中国,全32话,
44275,如意酷宝之冻豆虎,0.0,52,中国,全52话,
124936,折叠的唐诗,0.0,6,中国,全6话,
123497,百变校巴儿歌2,0.0,10,中国,全10话,
46874,聪明小师爷 第一季,0.0,26,中国,全26话,
39911,亚博和温丽的疑问,0.0,26,中国,全26话,
235975,奔跑的木头,0.0,2,中国,更新至第2话,
72564,杰米熊之神话图卷,0.0,52,中国,全52话,
46926,熊猫与小象,0.0,26,中国,全26话,
46842,奇妙大冒险,0.0,97,中国,全97话,
44251,巧手鲁班智慧宝盒,0.0,52,中国,全52话,
123514,百变校巴之奇妙大自然6,0.0,26,中国,全26话,
124609,儿童安全教育,0.0,18,中国,全18话,
40480,杰米熊之甜心集结号,0.0,52,中国,全52话,
40235,动物园真相 第二季,0.0,52,中国,全52话,
43925,月亮宝宝蒙奇,0.0,500,中国,全500话,
40518,乐晓佳节,0.0,7,中国,全7话,
46984,快乐摩登之宝贝小当家,0.0,52,中国,全52话,
38485,多宝一家人 第二季 智慧论语,0.0,28,中国,全28话,
40089,小鼠乒乒之成语大典,0.0,26,中国,全26话,
72781,嘀嗒传奇 第2季,0.0,26,中国,全26话,
44281,小兔班弟之海岛探险记,0.0,26,中国,全26话,
43994,大王日记,0.0,2,中国,全2话,
125979,快乐宝贝哆米成长记,0.0,80,中国,全80话,
44348,海豚帮帮号 第三季,0.0,13,中国,全13话,
123510,百变校巴之奇妙大自然2,0.0,26,中国,全26话,
44351,鲁迪贝贝,0.0,26,中国,全26话,
46985,爹地宝贝之神奇哈酷,0.0,52,中国,全52话,
44253,嗨，顾得白之逗趣日常,0.0,30,中国,全30话,
43578,金刚山猫侠,0.0,52,中国,全52话,
38650,小戒别淘气 ,0.0,144,中国,全144话,
126928,中华美德故事 诚信篇,0.0,50,中国,全50话,
6028,霹雳开天记之创神篇（闽南语）,0.0,16,中国,全16话,
44261,淘气猪多多,0.0,78,中国,全78话,
124921,咔咔历险记 第1季,0.0,52,中国,全52话,
38941,温州那些事,0.0,12,中国,全12话,
47660,土红色的骆驼,0.0,26,中国,全26话,
42420,云之子,0.0,0,中国,2022年8月4日上映,
44265,天天爱学习,0.0,52,中国,全52话,
47609,民族风情,0.0,11,中国,全11话,
46866,瑞克和扣扣财商启蒙 第一季,0.0,20,中国,全20话,
102864,相亲式修真道侣 动态漫,0.0,25,中国,更新至第25话,
40122,阿古顿巴,0.0,26,中国,全26话,
35707,草原英雄小姐妹,0.0,0,中国,1965年1月1日上映,
46814,小鸭啾啾,0.0,70,中国,全70话,
6024,霹雳侠影之轰动武林（闽南语）,0.0,31,中国,全31话,
124958,你追我赶搏一搏,0.0,50,中国,全50话,
72563,漫赏秦腔 第2季,0.0,54,中国,全54话,
45696,乐乐熊奇幻追踪2,0.0,0,中国,2015年1月1日上映,
46900,乐比成长记,0.0,104,中国,全104话,
6032,霹雳狼烟之万堺尘涛（闽南语）,0.0,32,中国,全32话,
38287,鸭丫俱乐部,0.0,26,中国,全26话,
46956,百鸟朝凤,0.0,13,中国,全13话,
72685,怪兽家族,0.0,100,中国,全100话,
72573,漫赏秦腔 第1季,0.0,75,中国,全75话,
38997,红影一脉之一大文物背后的故事,0.0,5,中国,全5话,
43920,星际小蚂蚁之公益大使系列动画,0.0,48,中国,全48话,
38274,笨笨悠游记,0.0,50,中国,全50话,
44284,追梦少年,0.0,12,中国,全12话,
124985,哈哈!地球人 第1季,0.0,26,中国,全26话,
99797,精灵蒲公英,0.0,120,中国,全120话,
38302,奇趣世界,0.0,50,中国,全50话,
44328,小鱼人莫叽姆斯一家 第七季,0.0,26,中国,全26话,
6027,霹雳侠影之轰霆剑海录（闽南语）,0.0,32,中国,全32话,
72569,飞越五千年 第2季,0.0,50,中国,全50话,
125173,蓝猫互动电视栏目,0.0,88,中国,全88话,
47030,瓢虫贝贝之拯救古树镇,0.0,52,中国,全52话,
40087,小鼠乒乒之欢乐无限,0.0,26,中国,全26话,
38150,爆笑功夫,0.0,52,中国,全52话,
39913,小乐比,0.0,13,中国,全13话,
44264,叽哩与咕噜,0.0,52,中国,全52话,
38205,月亮镇的宝藏,0.0,30,中国,全30话,
72924,半蛋龙,0.0,100,中国,全100话,
72552,探索生活小百科,0.0,89,中国,全89话,
44363,仙女奇缘,0.0,13,中国,全13话,
123474,百变校巴之星际旅行3,0.0,26,中国,全26话,
72780,宝宝乐学堂之欢乐大拼盘,0.0,60,中国,全60话,
46865,秦天龙王子,0.0,26,中国,全26话,
41867,绿绿星球之绿绿战队,0.0,26,中国,全26话,
127283,蓝猫小学科学,0.0,48,中国,全48话,
118964,良药,0.0,0,中国,即将开播,
103017,山海封神 动态漫,0.0,12,中国,更新至第12话,
45533,格兰特船长的儿女,0.0,0,中国,2005年1月1日上映,
44402,小小机器人 第一季,0.0,60,中国,全60话,
38504,我要回家 第二季,0.0,26,中国,全26话,
47510,鹿铃,0.0,1,中国,全1话,
47018,星际小蚂蚁之环球追梦 第二季,0.0,25,中国,全25话,
38341,开心私塾,0.0,64,中国,全64话,
72571,爸爸妈妈小时候的故事,0.0,70,中国,全70话,
72696,风速少年团 第1季,0.0,26,中国,全26话,
6033,霹雳狼烟之古原爭霸,0.0,50,中国,全50话,
38186,酷酷小吉正传之钩钩岛第二部,0.0,26,中国,全26话,
127281,蓝猫小学音乐,0.0,16,中国,全16话,
46787,出动 安全救援号 第一季,0.0,52,中国,全52话,
46755,妙趣横生故事汇,0.0,96,中国,全96话,
38971,嗨，顾得白 第1部,0.0,160,中国,全160话,
126312,帮帮团向前冲,0.0,50,中国,全50话,
44314,威威猴之青春防线,0.0,26,中国,全26话,
46841,哈哈熊之时空探险,0.0,14,中国,全14话,
6026,霹雳侠影之轰掣天下（闽南语）,0.0,32,中国,全32话,
46762,派乐萌奇 第一季,0.0,26,中国,全26话,
74413,东方探秘谷之千年寓言府,0.0,100,中国,全100话,
45535,倔强的凯拉班,0.0,0,中国,1997年5月11日上映,
75235,百日成财,0.0,0,中国,即将开播,
72814,开心动物园 第3季,0.0,26,中国,全26话,
43970,山猫和吉咪之魔幻拼图,0.0,52,中国,全52话,
6029,霹雳开天记之创神篇下阕（闽南语）,0.0,32,中国,全32话,
46892,威力成长记,0.0,26,中国,全26话,
72778,宝宝乐学堂之智慧大挑战,0.0,60,中国,全60话,
72934,大运河奇缘3,0.0,13,中国,全13话,
72816,大侦探熊猫猪,0.0,52,中国,全52话,
44236,欢乐小镇,0.0,70,中国,全70话,
47038,越笑越开心,0.0,104,中国,全104话,
46901,快乐猫咪成长日记,0.0,62,中国,全62话,
43986,蔬菜不寂寞 第22季,0.0,20,中国,全20话,
102887,最强神赐 动态漫,0.0,33,中国,更新至第33话,
123464,反斗联萌2,0.0,2,中国,全2话,
72544,中医药里的故事 第1季,0.0,25,中国,全25话,
102872,圣尊助理的我已经无敌了 动态漫,0.0,25,中国,更新至第25话,
126398,橙皮兔之恐龙大揭秘,0.0,20,中国,全20话,
44361,延安童谣,0.0,20,中国,全20话,
43794,欢乐之城5,0.0,52,中国,全52话,
123741,微风吹过衔蝉岛,0.0,30,中国,全30话,
44243,蛋蛋龙之安全宝典,0.0,24,中国,全24话,
43785,蔬菜不寂寞 第19季,0.0,20,中国,全20话,
39858,喵喵遇见汪 第一季,0.0,26,中国,全26话,
3679,超能星之时空英雄,0.0,28,中国,全28话,
44228,蔬菜不寂寞 第24季,0.0,20,中国,全20话,
72676,乐儿智慧乐园 世界各国,0.0,198,中国,全198话,
43793,欢乐之城4,0.0,52,中国,全52话,
38272,笨笨悠游记之麻辣夏令营,0.0,50,中国,全50话,
72725,闪亮闪亮太伶美 第1季,0.0,13,中国,全13话,
43971,山猫和吉咪之拼图密码,0.0,52,中国,全52话,
72819,欢乐小狮子,0.0,67,中国,全67话,
6030,霹雳谜城之九轮异谱（闽南语）,0.0,32,中国,全32话,
46719,中华民间故事 第一季,0.0,30,中国,全30话,
72542,小猫威力之亲子时光,0.0,26,中国,全26话,
44260,淘气猪多多 第二季,0.0,78,中国,全78话,
46728,探险中的小百科,0.0,30,中国,全30话,
39769,山伢仔,0.0,0,中国,1978年7月3日上映,
119017,万古至尊：李云霄传,0.0,0,中国,即将开播,
44252,嗨，顾得白之缤纷夏日,0.0,80,中国,全80话,
38210,俏皮大嘴猫之重返城市,0.0,50,中国,全50话,
44231,蔬菜不寂寞 第29季,0.0,20,中国,全20话,
47009,潮玩情报站之锦江神兽金刚,0.0,10,中国,全10话,
45537,警犬救护队,0.0,0,中国,1993年1月1日上映,
39855,池塘王子,0.0,78,中国,全78话,
124932,火火兔 第2季,0.0,16,中国,全16话,
124452,卫浴也疯狂,0.0,30,中国,全30话,
44249,百变小加之小加向前冲,0.0,52,中国,全52话,
41866,绿绿星球之绿绿卫士,0.0,22,中国,全22话,
46832,猪多多成长日记 第二季,0.0,62,中国,全62话,
43918,环球夺宝记,0.0,50,中国,全50话,
46976,北斗领航梦想,0.0,11,中国,全11话,
46741,欢乐学院 第一季,0.0,26,中国,全26话,
43929,艾米咕噜 第二季,0.0,52,中国,全52话,
38387,梦幻镇 3D版,0.0,208,中国,全208话,
72593,罗米熊与丹米兔,0.0,30,中国,全30话,
72546,快乐小郑星 第2季,0.0,52,中国,全52话,
72728,闪亮闪亮太伶美 第2季,0.0,13,中国,全13话,
74402,新梁山伯与祝英台,0.0,26,中国,全26话,
72900,论语智慧,0.0,20,中国,全20话,
44282,优优历险记,0.0,35,中国,全35话,
72943,快乐熊兜兜之奇妙世界,0.0,26,中国,全26话,
44258,蓓蓓的快乐暑假 第二季,0.0,60,中国,全60话,
126919,小主人之正义联盟 第1季,0.0,52,中国,全52话,
88101,神探威威猫 第5季,0.0,60,中国,全60话,
40477,火星娃之古代大家故事,0.0,54,中国,全54话,
47929,出口,0.0,0,中国,2024年6月14日上映,
126917,猴博士的数学课堂,0.0,60,中国,全60话,
45571,中国畅想曲,0.0,10,中国,全10话,
47606,大森林里的小故事,0.0,11,中国,全11话,
38285,过山车手罗力第一部,0.0,13,中国,全13话,
44233,蔬菜不寂寞 第5季,0.0,20,中国,全20话,
72929,嘟嘟小分队,0.0,21,中国,全21话,
46241,猪猪侠益智课堂4,0.0,30,中国,全30话,
38487,玉琉璃,0.0,36,中国,全36话,
39938,湖上歌舞,0.0,0,中国,1964年1月1日上映,
124987,哈哈!地球人 第2季,0.0,26,中国,全26话,
124926,豆乐国学小剧场,0.0,60,中国,全60话,
46768,甜甜圈宝贝之赛车小镇,0.0,25,中国,全25话,
46902,小兔奥奥,0.0,52,中国,全52话,
44271,虫屋森林,0.0,26,中国,全26话,
123471,百变校巴之星际旅行1,0.0,26,中国,全26话,
39825,人参娃娃,0.0,0,中国,1962年1月1日上映,
38198,木头村,0.0,26,中国,全26话,
43928,艾米咕噜,0.0,52,中国,全52话,
39889,特工兔,0.0,19,中国,全19话,
123459,百变校巴益智课堂1,0.0,3,中国,全3话,
39971,蔬菜不寂寞 第26季,0.0,20,中国,全20话,
48181,阿狸,0.0,0,中国,2024年8月17日上映,
44329,小鱼人莫叽姆斯一家 第八季,0.0,26,中国,全26话,
47607,聪明的笨小猪,0.0,17,中国,全17话,
39058,梦舟少年志第一季 上古传奇,0.0,18,中国,全18话,
40525,花狐狸与捣蛋鸭,0.0,60,中国,全60话,
72550,成语诗词荟萃,0.0,21,中国,全21话,
38288,嘻哈百乐门,0.0,90,中国,全90话,
38169,开心神探,0.0,32,中国,全32话,
124478,天才小鲁班,0.0,26,中国,全26话,
40526,鸭爸爸的一家,0.0,60,中国,全60话,
46830,蛋宝宝日记,0.0,85,中国,全85话,
123261,小学生必背古诗词 第二季,0.0,20,中国,全20话,
72940,我是发明家 第3季,0.0,26,中国,全26话,
39762,芦荡小英雄,0.0,0,中国,1977年8月18日上映,
47025,逗逗虎汉字大学堂,0.0,104,中国,全104话,
124590,踢踢和奇奇之魔力课堂,0.0,52,中国,全52话,
32535,济公斗蟋蟀,0.0,0,中国,1959年1月1日上映,
40091,小鼠乒乒之成语大典2,0.0,26,中国,全26话,
124562,百变马丁我爱古诗词 第1季,0.0,18,中国,全18话,
46775,淘气猪多多之我爱画画 第二季,0.0,52,中国,全52话,
35722,李科长巧难炊事班,0.0,0,中国,1965年1月1日上映,
46819,逗趣双宝,0.0,35,中国,全35话,
124573,百变马丁字乐星ABC,0.0,26,中国,全26话,
44384,森林音乐日记 第二季,0.0,52,中国,全52话,
72809,小神有戏 第1季,0.0,26,中国,全26话,
46582,桃花扇,0.0,0,中国,2023年11月10日上映,
38263,宝贝疙瘩丁呱呱,0.0,52,中国,全52话,
99795,米乐米可之欢乐海豚岛 第二季,0.0,26,中国,全26话,
44248,蛋蛋龙之科普小宝典,0.0,24,中国,全24话,
44244,果蔬乐园保卫战,0.0,50,中国,全50话,
39970,寻找英雄-小淘气长征记,0.0,26,中国,全26话,
126449,糖小兔,0.0,50,中国,全50话,
43788,阿古顿巴的故事 第二季,0.0,26,中国,全26话,
72533,小猫威力之快乐的小伙伴,0.0,26,中国,全26话,
126954,羊娃娃和汉语拼音,0.0,52,中国,全52话,
46816,快乐小村庄,0.0,70,中国,全70话,
126479,快乐蓝猫CPU,0.0,150,中国,全150话,
46833,淘淘与小布,0.0,28,中国,全28话,
44259,小兔班弟之返航总动员,0.0,26,中国,全26话,
38209,俏皮大嘴猫之城市游侠,0.0,50,中国,全50话,
47648,三十六计奇遇记,0.0,13,中国,全13话,
47016,家有男孩,0.0,40,中国,全40话,
72559,丫丫的日常百科 第4季,0.0,30,中国,全30话,
39914,小乐比（下）,0.0,39,中国,全39话,
44417,欢乐森林,0.0,72,中国,全72话,
44279,生肖宝贝,0.0,26,中国,全26话,
40555,930街区,0.0,13,中国,全13话,
72817,开心动物园 第1季,0.0,26,中国,全26话,
126902,儿歌课堂,0.0,28,中国,全28话,
126422,孔小妮和朋友们 第1季,0.0,13,中国,全13话,
72558,中华廉政故事 第1季,0.0,12,中国,全12话,
72768,小蜜蜂 第3季,0.0,26,中国,全26话,
46580,年,0.0,0,中国,2023年11月10日上映,
38624,福星八戒之大年小怪,0.0,1,中国,全1话,
127152,金牌帮帮帮 第1季,0.0,50,中国,全50话,
46868,瑞克和扣扣古诗里的小百科 动物篇,0.0,20,中国,全20话,
43922,小恐龙文明礼仪小分队,0.0,52,中国,全52话,
46712,欢乐学院 第二季,0.0,26,中国,全26话,
44226,蔬菜不寂寞 第20季,0.0,20,中国,全20话,
38623,福星八戒之猴年特辑,0.0,1,中国,全1话,
39978,你好！卟卟1,0.0,26,中国,全26话,
38208,俏皮大嘴猫之萌宠天下,0.0,50,中国,全50话,
38972,嗨，顾得白 第2部,0.0,160,中国,全160话,
44266,小小搭档,0.0,40,中国,全40话,
72739,公众应急知识,0.0,80,中国,全80话,
47666,猪猪·吉利·小财神,0.0,52,中国,全52话,
72908,中华优秀传统文化系列动画片之中医药的故事,0.0,20,中国,全20话,
123548,风速少年团 第2季,0.0,26,中国,全26话,
40227,甜蜜日记,0.0,13,中国,全13话,
45411,星期五晚上的胡萝卜,0.0,0,中国,2023年6月10日上映,
124572,百变马丁我爱古诗词 第6季,0.0,20,中国,全20话,
44232,蔬菜不寂寞 第4季,0.0,20,中国,全20话,
72815,开心动物园 第2季,0.0,26,中国,全26话,
36189,蜜蜂与蚯蚓,0.0,0,中国,1959年1月1日上映,
72951,棉花糖和云朵妈妈 美梦成真,0.0,1,中国,全1话,
126392,粉墨宝贝,0.0,12,中国,全12话,
46812,生物王国奇幻之旅,0.0,80,中国,全80话,
38273,笨笨悠游记之穿越华夏,0.0,42,中国,全42话,
125174,跟蓝猫学唱英语歌,0.0,40,中国,全40话,
46876,好伙伴,0.0,8,中国,全8话,
43930,艾米咕噜 第三季,0.0,52,中国,全52话,
39844,一棵大白菜,0.0,0,中国,1961年1月1日上映,
44367,宝宝乐学堂之幸福加油站,0.0,60,中国,全60话,
126923,环球大冒险之中国篇,0.0,26,中国,全26话,
47021,逗逗虎数学王国,0.0,52,中国,全52话,
124591,踢踢和奇奇之魔力课堂 第2季,0.0,52,中国,全52话,
47610,风尘小游侠,0.0,26,中国,全26话,
99771,幸福一家,0.0,52,中国,全52话,
44405,九龙湖的故事,0.0,60,中国,全60话,
72526,快乐熊猫一家人 第1季,0.0,36,中国,全36话,
72519,蔬菜不寂寞 第46季,0.0,20,中国,全20话,
72945,鹿宝贝朗迪,0.0,25,中国,全25话,
124995,哈哈大冒险 第2季,0.0,26,中国,全26话,
72568,晓晓成长日记 第二季,0.0,52,中国,全52话,
154077,大宋喵喵志,0.0,24,中国,全24话,
38116,聪明伦文叙第二季,0.0,26,中国,全26话,
38216,巢湖漫游记,0.0,26,中国,全26话,
127280,少年王阳明,0.0,12,中国,全12话,
72801,喷喷象小百科之交通篇,0.0,50,中国,全50话,
38206,俏皮大嘴猫之悠长假期,0.0,50,中国,全50话,
38212,星球卫士,0.0,52,中国,全52话,
46731,熊猫点点 第二季,0.0,53,中国,全53话,
88098,神探威威猫 第3季,0.0,72,中国,全72话,
46767,甜甜圈宝贝之功夫学院,0.0,25,中国,全25话,
46905,高老师的七彩课堂 第二季,0.0,80,中国,全80话,
38306,书架上的奇妙世界,0.0,46,中国,全46话,
38956,嗨，顾得白之快乐成长,0.0,80,中国,全80话,
47046,淮南子传奇 第二季,0.0,26,中国,全26话,
39915,奇趣大世界,0.0,90,中国,全90话,
44370,大运河奇缘2,0.0,6,中国,全6话,
72807,土波兔之暖暖家风,0.0,26,中国,全26话,
126922,小主人之正义联盟 第2季,0.0,52,中国,全52话,
72532,神奇小队之我爱画画 第3季,0.0,25,中国,全25话,
46811,快乐小郑星,0.0,52,中国,全52话,
47045,幸福在身边 当代雷锋郭明义的故事 第二季,0.0,10,中国,全10话,
39972,蔬菜不寂寞 第25季,0.0,20,中国,全20话,
124996,哈哈大冒险 第3季,0.0,52,中国,全52话,
88099,神探威威猫 第4季,0.0,60,中国,全60话,
44360,超能记忆小精灵,0.0,12,中国,全12话,
44292,飞天少年之启航篇,0.0,26,中国,全26话,
124593,踢踢和奇奇之魔力课堂 第3季,0.0,26,中国,全26话,
88112,阿法贝乐园,0.0,366,中国,全366话,
46808,蔬菜不寂寞 第四十二季,0.0,20,中国,全20话,
39885,你好！卟卟2,0.0,26,中国,全26话,
6031,霹雳狼烟之九轮燎原（闽南语）,0.0,16,中国,全16话,
39979,喵喵遇见汪 第二季,0.0,26,中国,全26话,
126175,少年曹操,0.0,40,中国,全40话,
124990,哈哈!地球人 第3季,0.0,26,中国,全26话,
44341,梦境小镇,0.0,52,中国,全52话,
44928,为什么留鸟会飞离海岸,0.0,0,中国,2023年4月19日上映,
127222,唐诗精选,0.0,300,中国,全300话,
36187,布谷鸟叫迟了,0.0,0,中国,1959年1月1日上映,
72808,土波兔之酷酷智能,0.0,26,中国,全26话,
44342,小熊尼奥之环球旅行,0.0,26,中国,全26话,
126396,橙皮兔之吃货岛,0.0,12,中国,全12话,
72788,彩虹森林的故事 第3季,0.0,90,中国,全90话,
36186,一幅僮锦,0.0,0,中国,1959年1月1日上映,
101731,龅牙的快乐生活,0.0,4,中国,全4话,
72909,中华优秀传统文化系列动画片 第2季,0.0,13,中国,全13话,
125148,乐比大冒险 第1季,0.0,104,中国,全104话,
45390,每天朝山顶推一秒的石头,0.0,0,中国,2023年6月10日上映,
127263,蓝猫乐园 病毒防御战,0.0,60,中国,全60话,
72554,小豆的微观世界,0.0,46,中国,全46话,
124993,哈哈大冒险 第1季,0.0,26,中国,全26话,
127264,蓝猫乐园 运动向前冲,0.0,156,中国,全156话,
38359,狮来运转 第一季,0.0,26,中国,全26话,
126964,可乐豆妙思,0.0,52,中国,全52话,
44257,蓓蓓的快乐暑假 第一季,0.0,60,中国,全60话,
72800,中华名人小课堂孔子篇,0.0,31,中国,全31话,
44330,小豆派派亲子园之情商培优,0.0,52,中国,全52话,
36219,木头姑娘,0.0,0,中国,1958年1月1日上映,
47608,咕噜先生,0.0,26,中国,全26话,
46855,么么侠 时空战医,0.0,26,中国,全26话,
39799,鸽子,0.0,0,中国,1960年11月9日上映,
44234,蔬菜不寂寞 第6季,0.0,20,中国,全20话,
99752,彩虹熊之激战幻影怪,0.0,26,中国,全26话,
38925,灰仔兔带你飞,0.0,16,中国,全16话,
72795,丫丫的日常百科 第3季,0.0,30,中国,全30话,
72917,豆豆一家人,0.0,23,中国,全23话,
43781,蔬菜不寂寞 第15季,0.0,20,中国,全20话,
39082,开心1刻,0.0,120,中国,全120话,
40529,草原豆思之夺宝奇兵,0.0,30,中国,全30话,
72939,我是发明家 第2季,0.0,13,中国,全13话,
99777,幸福一家之幸福满满,0.0,52,中国,全52话,
40522,勇敢智慧鸭,0.0,60,中国,全60话,
46715,小鸡丫丫的日常百科 第二季,0.0,30,中国,全30话,
40216,少年张謇,0.0,26,中国,全26话,
123546,闪亮闪亮太伶美 第3季,0.0,13,中国,全13话,
46862,萌马吼吼,0.0,60,中国,全60话,
41001,绿绿星球之绿绿家族,0.0,26,中国,全26话,
72566,彭祖传奇之少年奇缘,0.0,26,中国,全26话,
126161,爸爸抱抱,0.0,68,中国,全68话,
126587,乐比悠悠大洋环游记,0.0,52,中国,全52话,
46986,奇酷宝贝之大爱无疆,0.0,5,中国,全5话,
47540,巴塔木晚安故事 第一季,0.0,20,中国,全20话,
46877,繁花似锦,0.0,8,中国,全8话,
126159,小邑时空传,0.0,52,中国,全52话,
46702,槑好时光·城南忆事,0.0,26,中国,全26话,
127260,蓝猫乐园 快乐好习惯,0.0,200,中国,全200话,
124943,中国文学常识之人物篇 第1季,0.0,100,中国,全100话,
124999,哈哈大冒险 第4季,0.0,26,中国,全26话,
36193,猴龟分树,0.0,0,中国,1959年1月1日上映,
123530,墨宝家族,0.0,26,中国,全26话,
126884,少儿国际象棋课堂,0.0,15,中国,全15话,
44408,小猪天天奇遇记,0.0,60,中国,全60话,
41783,求我的心理阴影面积,0.0,0,中国,2022年5月13日上映,
35853,等明天,0.0,0,中国,1962年1月1日上映,
47653,财宝小狐狸,0.0,13,中国,全13话,
42414,伞下,0.0,0,中国,2022年8月4日上映,
72530,神奇小队之我爱画画 第2季,0.0,25,中国,全25话,
72529,神奇小队之我爱画画,0.0,25,中国,全25话,
47036,五子炮 渊子崖保卫战,0.0,3,中国,全3话,
38977,小鱼人莫叽姆斯一家 第六季,0.0,26,中国,全26话,
