season_id,title,priority,interval_minutes,paused,tags
39308,开心锤锤,1,120,false,超长篇
28747,凡人修仙传,1,120,false,国创
34149,我是不白吃,1,120,false,超长篇
42073,小魔国漫大百科,1,120,false,少儿
40551,奶龙,1,120,false,少儿
39340,小品一家人,1,120,false,少儿
45969,牧神记,1,120,false,国创
38436,元气食堂,1,120,false,国创
41890,面膜妈妈养娃,1,120,false,国创
38147,黄逗菌,1,120,false,国创
24298,非人哉,1,120,false,国创
2543,狐妖小红娘,1,120,false,国创
26015,王者？别闹！,1,120,false,国创
1733,罗小黑战记,1,120,false,国创
45327,虫小绿历史为什么,1,120,false,超长篇
26257,三体,1,120,false,国创
35213,永生,1,120,false,国创
39395,大神探诸葛九九,1,120,false,国创
22088,灵笼 第一季,1,120,false,国创
44872,宝宝巴士儿歌3D版,1,120,false,少儿
40731,MR.BONE,1,120,false,国创
44176,伍六七之暗影宿命,1,120,false,国创
28763,天官赐福,1,120,false,国创
26194,仙王的日常生活,1,120,false,国创
3863,镇魂街 第一季,1,120,false,国创
39111,一口小鸭梨,1,120,false,国创
36594,伍六七之玄武国篇,1,120,false,国创
39947,有兽焉,1,120,false,国创
41889,快把舅舅带走,1,120,false,国创
6402,一人之下 第二季,1,120,false,国创
38755,铁头与橘子,1,120,false,国创
35220,时光代理人,1,120,false,国创
33323,雾山五行,1,120,false,国创
26311,凹凸世界 第三季,1,120,false,国创
26266,元龙,1,120,false,国创
39696,仙王的日常生活 第三季,1,120,false,国创
48518,宗门里除了我都是卧底,1,120,false,国创
5626,镇魂街 第二季,1,120,false,国创
6360,伍六七,1,120,false,国创
28510,伍六七之最强发型师,1,120,false,国创
38368,小狮子赛几,1,120,false,少儿
35201,仙王的日常生活 第二季,1,120,false,国创
39386,飞狗MOCO,1,120,false,国创
46585,灵笼 第二季,1,120,false,国创
48315,伍六七之记忆碎片,1,120,false,国创
39707,中国奇谭,1,120,false,国创
39394,无限吃鸡小队 第二季,1,120,false,国创
28761,少年歌行 风花雪月篇,1,120,false,国创
28757,两不疑,1,120,false,国创
43554,凸变英雄X,1,120,false,国创
43547,镇魂街 第三季,1,120,false,国创
33725,獭獭突然想到,1,120,false,国创
35202,元龙 第二季,1,120,false,国创
40720,猪屁登,1,120,false,国创
105244,王蓝莓搞笑一家人,1,120,false,国创
1689,那年那兔那些事儿 第一季,1,120,false,国创
5050,一人之下,1,120,false,国创
21911,我家大师兄脑子有坑,1,120,false,国创
105231,王蓝莓的搞笑日常,1,120,false,国创
41553,无限王者小队,1,120,false,国创
28758,猫之茗,1,120,false,国创
39666,时光代理人 第二季,1,120,false,国创
32321,大理寺日志,1,120,false,国创
48578,镇魂街 第四季,1,120,false,国创
24608,少年歌行,1,120,false,国创
42009,这里是峡谷公寓,1,120,false,国创
26193,百妖谱,1,120,false,国创
41187,小小朱历史课,1,120,false,国创
41393,凹凸世界 第四季,1,120,false,国创
105121,王蓝莓的童年时光,1,120,false,国创
37558,逗酱萌鸭的睡前小故事,1,120,false,国创
25469,如果历史是一群喵 1-3季,1,120,false,国创
2967,那年那兔那些事儿 第二季,1,120,false,国创
3043,凹凸世界 第一季,1,120,false,国创
39722,两不疑 第二季,1,120,false,国创
39659,第一序列,1,120,false,国创
39706,元龙 第三季,1,120,false,国创
5559,那年那兔那些事儿 第三季,1,120,false,国创
6159,妖神记,1,120,false,国创
39457,不白吃话山海经,1,120,false,国创
26196,我家大师兄是个反派,1,120,false,国创
32544,喜羊羊与灰太狼之羊村守护者,1,120,false,少儿
41445,小狮子赛几 第2季,1,120,false,少儿
2647,口水三国,1,120,false,国创
27796,阿衰,1,120,false,国创
5885,京剧猫,1,120,false,国创
48416,哪吒之魔童闹海,1,120,false,电影
41527,叽歪老表,1,120,false,国创
39688,君有云,1,120,false,国创
25346,京剧猫 第三季,1,120,false,国创
43340,仙王的日常生活 第四季,1,120,false,国创
26232,天宝伏妖录,1,120,false,国创
45734,少年歌行 海外仙山篇,1,120,false,国创
25813,萌妻食神,1,120,false,国创
45197,哈小浪之超时空星战,1,120,false,少儿
39661,百妖谱·京师篇,1,120,false,国创
25567,通灵妃,1,120,false,国创
47144,熊出没,1,120,false,少儿
5839,一禅小和尚,1,120,false,国创
28751,火凤燎原,1,120,false,国创
33962,阿衰 第三季,1,120,false,国创
48143,时光代理人 英都篇,1,120,false,国创
28770,我的三体之章北海传,1,120,false,国创
24438,小绿和小蓝,1,120,false,国创
35195,百妖谱 第二季,1,120,false,国创
96881,开心锤锤世界,1,120,false,国创
47853,喜羊羊与灰太狼,1,120,false,少儿
6038,风灵玉秀,1,120,false,国创
47348,非人哉 第二季,1,120,false,国创
28541,那年那兔那些事儿 第五季,1,120,false,国创
26228,汉化日记,1,120,false,国创
24267,剑网3·侠肝义胆沈剑心,1,120,false,国创
39664,无限世界,1,120,false,国创
6352,凹凸世界 第二季,1,120,false,国创
34617,京剧猫 第四季,1,120,false,国创
38029,阿衰 第四季,1,120,false,国创
39695,靠你啦！战神系统,1,120,false,国创
660,十万个冷笑话 第一季,1,120,false,国创
101854,非人哉 第三季,1,120,false,国创
25618,0号宿舍,1,120,false,国创
39689,天官赐福 第二季,1,120,false,国创
105250,王蓝莓的迷惑行为,1,120,false,国创
6018,那年那兔那些事儿 第四季,1,120,false,国创
43344,亏成首富从游戏开始,1,120,false,国创
39668,命运拳台,1,120,false,国创
39708,赘婿,1,120,false,国创
39842,狐三藏,1,120,false,国创
38881,阿衰 第五季,1,120,false,国创
39697,暂停！让我查攻略,1,120,false,国创
43055,新神榜：杨戬,1,120,false,电影
39710,谎颜,1,120,false,国创
34062,汉化日记 第二季,1,120,false,国创
43369,大道朝天,1,120,false,国创
28423,剑网3·侠肝义胆沈剑心 第二季,1,120,false,国创
35226,咸鱼哥,1,120,false,国创
28198,罗小黑战记,1,120,false,电影
34277,剑网3·侠肝义胆沈剑心 第三季,1,120,false,国创
39716,炼气练了3000年,1,120,false,国创
5430,凸变英雄 BABA,1,120,false,国创
34569,肥志百科,1,120,false,国创
32543,喜羊羊与灰太狼之奇趣外星客,1,120,false,少儿
39701,龙蛇演义,1,120,false,国创
43364,百妖谱·司府篇,1,120,false,国创
5857,妖怪名单 第二季,1,120,false,国创
73976,中国奇谭2,1,120,false,国创
35199,天宝伏妖录 第二季,1,120,false,国创
29589,如果历史是一群喵 4-5季,1,120,false,国创
6400,京剧猫 第二季,1,120,false,国创
39694,我家大师兄有点靠谱,1,120,false,国创
39693,食草老龙被冠以恶龙之名,1,120,false,国创
24971,请吃红小豆吧！,1,120,false,国创
43343,爱上她的理由,1,120,false,国创
22087,凸变英雄 LEAF,1,120,false,国创
661,十万个冷笑话 第二季,1,120,false,国创
35403,D5小队,1,120,false,国创
44871,安全警长啦咘啦哆,1,120,false,少儿
4657,我的三体之罗辑传,1,120,false,国创
662,尸兄,1,120,false,国创
73973,玄界之门,1,120,false,国创
34806,大耳朵图图 第一季,1,120,false,少儿
24638,我家大师兄脑子有坑 特别篇,1,120,false,国创
90883,我的师兄太强了,1,120,false,国创
6052,叫我僵小鱼 日常篇,1,120,false,国创
5366,虹猫蓝兔七侠传,1,120,false,少儿
42930,兔克兔克,1,120,false,国创
6499,中国古诗词动漫,1,120,false,国创
46188,少年歌行 血染天启篇,1,120,false,国创
26208,大王不高兴,1,120,false,国创
41531,毛茸茸的星球,1,120,false,国创
39460,阿衰 第六季,1,120,false,国创
28254,凹凸学园,1,120,false,国创
6012,快把我哥带走,1,120,false,国创
41366,是王者啊？云中篇,1,120,false,国创
26222,请吃红小豆吧！第二季,1,120,false,国创
24709,百鬼幼儿园,1,120,false,国创
35209,你真是个天才,1,120,false,国创
40773,阿衰 第七季,1,120,false,国创
39690,我的异界之旅,1,120,false,国创
27991,女武神的餐桌,1,120,false,国创
39719,汉化日记 第三季,1,120,false,国创
39711,小魔头暴露啦！,1,120,false,国创
1700,王牌御史,1,120,false,国创
45975,我的三体 第四季,1,120,false,国创
33822,凹凸学园 第二季,1,120,false,国创
23695,峡谷重案组,1,120,false,国创
35208,烈火浇愁,1,120,false,国创
34276,剑网3·侠肝义胆沈剑心之长漂,1,120,false,国创
26795,没出息的阴阳师一家,1,120,false,国创
35215,黑门,1,120,false,国创
73972,仙王的日常生活 第五季,1,120,false,国创
26189,万国志,1,120,false,国创
34808,大耳朵图图 第二季,1,120,false,少儿
26265,残次品·放逐星空,1,120,false,国创
26221,我开动物园那些年,1,120,false,国创
45960,虎鹤妖师录,1,120,false,国创
73968,深空彼岸,1,120,false,国创
1704,我的三体,1,120,false,国创
37663,新神榜：哪吒重生,1,120,false,电影
3042,从前有座灵剑山,1,120,false,国创
43337,回铭之烽火三月,1,120,false,国创
43362,傲世九重天,1,120,false,国创
45357,霸王龙雷奇,1,120,false,少儿
46223,都市神医：七个师姐保我无敌,1,120,false,国创
39895,万圣街,1,120,false,国创
6355,拳皇命运,1,120,false,国创
5451,那年那兔那些事儿 番外篇,1,120,false,国创
39718,星源之主,1,120,false,国创
5856,银之守墓人,1,120,false,国创
28760,请吃红小豆吧！ 第三季,1,120,false,国创
39104,白蛇2：青蛇劫起,1,120,false,电影
47998,赘婿 第二季,1,120,false,国创
46987,奇趣特工队精品大合集,1,120,false,国创
38966,人偶学园,1,120,false,国创
44883,宝宝巴士儿歌启蒙好情绪好品格,1,120,false,少儿
20213,哈哈滑小稽,1,120,false,国创
33688,女武神的餐桌 第二季,1,120,false,国创
72937,火凤燎原 第二季,1,120,false,国创
22189,阴阳师·平安物语 ,1,120,false,国创
41437,喜羊羊与灰太狼之筐出未来,1,120,false,电影
5741,女生宿舍日常,1,120,false,国创
47787,虫小绿历史为什么之发明篇,1,120,false,国创
48519,神道帝尊,1,120,false,国创
44884,宝宝巴士启蒙音乐剧汽车帮帮队,1,120,false,少儿
43348,反派初始化,1,120,false,国创
28769,妖神记之黑狱篇,1,120,false,国创
41869,思无邪,1,120,false,国创
45965,鲲吞天下之掌门归来,1,120,false,国创
6270,前方高能之辣稽,1,120,false,国创
5861,从前有座灵剑山 第二季,1,120,false,国创
34244,秦侠,1,120,false,国创
33540,请吃红小豆吧！ 第四季,1,120,false,国创
39712,战千年,1,120,false,国创
34809,大耳朵图图 第三季,1,120,false,少儿
73941,百妖谱·洛阳篇,1,120,false,国创
46593,月魁传 动态漫画,1,120,false,动态漫
33781,没出息的阴阳师一家2,1,120,false,国创
97682,浪浪山小妖怪,1,120,false,电影
35206,定海浮生录,1,120,false,国创
37547,D5小队 第二季,1,120,false,国创
26357,百鬼幼儿园 第二季,1,120,false,国创
32068,斗破苍穹 动态漫 第二季 ,1,120,false,动态漫
43057,明日方舟：黎明前奏,1,120,false,国创
39458,阿衰 第二季,1,120,false,国创
6353,狐妖小红娘 日语版,1,120,false,国创
33040,我不是教主 动态漫,1,120,false,动态漫
33712,大王不高兴 第二季,1,120,false,国创
5853,口水三国 第二季,1,120,false,国创
32379,聪明的顺溜 第二季,1,120,false,国创
84438,凹凸世界·新生,1,120,false,国创
45976,仙帝归来,1,120,false,国创
44885,宝宝巴士启蒙音乐剧百变奇妙家族,1,120,false,少儿
42543,中华小子,1,120,false,国创
39709,胶囊计划,1,120,false,国创
25069,小黄人和萌友,1,120,false,国创
6022,菊叔5岁画,1,120,false,国创
27821,全职高手之巅峰荣耀,1,120,false,电影
46555,胶囊计划 第二季,1,120,false,国创
3531,口水封神,1,120,false,国创
44496,深海,1,120,false,电影
5849,少年锦衣卫,1,120,false,国创
42051,傻瓜猫和笨蛋狗,1,120,false,国创
34816,大耳朵图图--小小欢乐魔法师 ,1,120,false,少儿
28762,拾忆长安·明月几时有,1,120,false,国创
48625,六样情——《黑神话：悟空》章节动画原版合集,1,120,false,国创
26884,最后的召唤师,1,120,false,国创
39669,长夜开拓者,1,120,false,国创
33309,百鬼幼儿园 第三季,1,120,false,国创
32999,小仓鼠笛笛的直播日记,1,120,false,国创
35207,时空之隙,1,120,false,国创
38309,如果历史是一群喵 第6季,1,120,false,国创
34819,大耳朵图图-彩色世界,1,120,false,少儿
32015,功夫兔与菜包狗 第二季,1,120,false,国创
6230,小花仙,1,120,false,少儿
2542,勇者大冒险 第一季,1,120,false,国创
35370,姜子牙,1,120,false,电影
43546,异人君莫邪,1,120,false,国创
43308,汉化日记 第四季,1,120,false,国创
44876,宝宝巴士启蒙音乐剧美食总动员,1,120,false,少儿
43358,山海际会,1,120,false,国创
3252,黑白无双,1,120,false,国创
43353,十方武圣,1,120,false,国创
90209,罗小黑战记2,1,120,false,电影
35214,长剑风云,1,120,false,国创
43373,区区不才，在下野怪,1,120,false,国创
45961,幻宠师,1,120,false,国创
42701,独行月球,1,120,false,国创
43350,不死不灭,1,120,false,国创
91792,国产动画季度导视,1,120,false,活动
35203,爸妈来自二次元,1,120,false,国创
5147,超神学院之黑甲,1,120,false,国创
5855,阿拉德：宿命之门,1,120,false,国创
39702,兵主奇魂,1,120,false,国创
27933,少女前线 人形小剧场,1,120,false,国创
48004,落凡尘,1,120,false,电影
23789,叫我僵小鱼 日常篇2,1,120,false,国创
6178,茶啊二中男寝501,1,120,false,国创
43248,萌芽熊,1,120,false,国创
26191,异常生物见闻录,1,120,false,国创
45171,三十六骑,1,120,false,国创
6358,黑白无双 第二季,1,120,false,国创
39755,哔哔Q,1,120,false,国创
41862,三寸人间,1,120,false,国创
38642,百鬼幼儿园 第四季,1,120,false,国创
349,功夫兔与菜包狗,1,120,false,国创
26510,我才不是恶毒女配 漫动画,1,120,false,动态漫
46632,西游记,1,120,false,国创
6177,茶啊二中泡面番,1,120,false,国创
34564,战双帕尼尼,1,120,false,国创
5554,凸变英雄 BABA 日语版,1,120,false,国创
45964,开局地摊卖大力,1,120,false,国创
29309,峡谷重案组 第四季,1,120,false,国创
39465,如果历史是一群喵 第7季,1,120,false,国创
38913,源神浩劫,1,120,false,国创
87576,超兽武装之仁者无敌,1,120,false,国创
5844,血色苍穹（上篇）,1,120,false,国创
73961,君有云 第二季,1,120,false,国创
3367,段子狗日记,1,120,false,国创
43345,一世之尊,1,120,false,国创
39663,希灵纪元,1,120,false,国创
97550,虫小绿历史为什么之穿越篇,1,120,false,国创
38926,天官赐福 日语版,1,120,false,国创
26607,猫妖的诱惑 正式版,1,120,false,国创
148433,盗妖行,1,120,false,国创
6483,少年锦衣卫 第二季,1,120,false,国创
41972,阿衰 第八季,1,120,false,国创
40218,神奇阿呦,1,120,false,国创
42915,绿豆蛙,1,120,false,国创
44887,宝宝巴士启蒙音乐剧之细菌来了,1,120,false,少儿
3506,勇者大冒险  第二季,1,120,false,国创
35099,真理面具 动态漫,1,120,false,动态漫
6013,暴基枪手之AK西游,1,120,false,国创
42909,风姿物语 仙罗篇,1,120,false,国创
46921,超级飞侠文化中华,1,120,false,国创
39733,天书奇谭,1,120,false,电影
664,神魄,1,120,false,国创
43341,咸鱼哥 第二季,1,120,false,国创
23813,万界仙踪,1,120,false,国创
4847,快递侠 第二季,1,120,false,国创
28755,爱幽的密室,1,120,false,国创
43052,如果历史是一群喵 第9季,1,120,false,国创
39698,捕星司·源起,1,120,false,国创
47241,超迷你战士 第一季,1,120,false,国创
35218,千从狩,1,120,false,国创
45974,通灵妃 第二季,1,120,false,国创
6039,喵有卵用 第一季,1,120,false,国创
44888,宝宝巴士儿歌启蒙：儿童身体保护,1,120,false,少儿
74811,不白吃话山海经 第二季,1,120,false,国创
27984,阴阳师·平安物语 第2季 ,1,120,false,国创
73993,是王者啊？之牡丹香幽大理寺,1,120,false,国创
44066,黄金庭院：冬日里的新年愿望,1,120,false,国创
3270,通职者,1,120,false,国创
45962,将夜,1,120,false,国创
38699,小花仙 第二季,1,120,false,少儿
44875,宝宝巴士启蒙音乐剧恐龙世界2,1,120,false,少儿
44882,宝宝巴士美食屋,1,120,false,少儿
5975,降灵记,1,120,false,国创
41684,新围棋少年,1,120,false,国创
10086,中国惊奇先生,1,120,false,电影
46476,猪猪侠之竞球小英雄4,1,120,false,少儿
26375,巨兵长城传,1,120,false,国创
45957,从姑获鸟开始之龙城风云,1,120,false,国创
26197,嗜谎之神,1,120,false,国创
43058,明日方舟：黎明前奏 中配版,1,120,false,国创
48815,虫小绿历史为什么之生活篇,1,120,false,国创
41423,如果历史是一群喵 第8季,1,120,false,国创
6014,开封奇谈-这个包公不太行,1,120,false,国创
31910,我在皇宫当巨巨 第二季 动态漫,1,120,false,动态漫
47786,虫小绿历史为什么之神话篇,1,120,false,国创
28752,解药,1,120,false,国创
39410,没出息的阴阳师一家3,1,120,false,国创
42076,我的弟子遍布诸天万界 动态漫,1,120,false,动态漫
48806,胶囊计划 英雄,1,120,false,国创
48247,喜羊羊与灰太狼之跨时空救兵,1,120,false,少儿
6015,快把我哥带走 日文版,1,120,false,国创
37818,枪火天灵 动态漫,1,120,false,动态漫
26548,我在皇宫当巨巨 动态漫,1,120,false,动态漫
6403,茶啊二中 叭叭叭,1,120,false,国创
31147,李林克的小馆儿,1,120,false,国创
33852,人类博物馆,1,120,false,国创
42710,绝顶,1,120,false,国创
1768,魔角侦探 第一季,1,120,false,国创
23836,我的逆天神器,1,120,false,国创
27501,大王不高兴 动态漫,1,120,false,动态漫
5210,一人之下 日语版,1,120,false,国创
28768,芯觉,1,120,false,国创
39699,长剑风云 第二季,1,120,false,国创
47082,原来我早就无敌了 动态漫,1,120,false,动态漫
43347,无聊就完结,1,120,false,国创
6491,幻界王,1,120,false,国创
39830,日月同错 动态漫,1,120,false,动态漫
41605,请吃红小豆吧！第0.5季,1,120,false,国创
43375,披着狼皮的羊,1,120,false,国创
34473,宿身小人,1,120,false,国创
28759,秘宝之国,1,120,false,国创
80930,那年那兔那些事儿 第七季,1,120,false,国创
28766,我为歌狂之旋律重启,1,120,false,国创
87578,超兽武装之勇者无惧,1,120,false,国创
43367,她不当女主很多年,1,120,false,国创
47192,重生归来：直接无敌 动态漫,1,120,false,动态漫
39734,冒险小狗帮,1,120,false,国创
2696,我叫MT 第六季,1,120,false,国创
45973,神之一脚,1,120,false,国创
73066,天命大主宰,1,120,false,国创
42929,小蓝和他的朋友,1,120,false,国创
47090,盐友 动态漫,1,120,false,动态漫
38271,拾忆长安·明月几时有 第二季,1,120,false,国创
24364,喂，看见耳朵啦,1,120,false,国创
2631,端脑,1,120,false,国创
102134,缔灵爱之默水玲珑,1,120,false,国创
2514,葫芦兄弟,1,120,false,国创
39218,摩尔庄园 第一季,1,120,false,少儿
22082,一人之下第二季 日语版,1,120,false,国创
44874,宝宝巴士启蒙音乐剧恐龙世界,1,120,false,少儿
47527,阿诺德和他可爱的木偶们,1,120,false,国创
45831,雪王驾到,1,120,false,国创
26519,人体培植 漫动画,1,120,false,动态漫
43352,关喵什么事,1,120,false,国创
47798,我在修仙世界朝九晚五 动态漫,1,120,false,动态漫
33177,朕也不想这样 动态漫,1,120,false,动态漫
43339,小绿和小蓝 第二季,1,120,false,国创
44877,宝宝巴士奇妙救援队,1,120,false,少儿
34185,妙先生,1,120,false,电影
47185,白蛇：浮生,1,120,false,电影
6486,Gon的旱獭,1,120,false,国创
38911,最强蜗牛西能,1,120,false,国创
46004,明日方舟：冬隐归路,1,120,false,国创
3819,山口山战记 太阳井,1,120,false,国创
74497,雪王之奇幻沙州,1,120,false,国创
43738,阿衰 第九季,1,120,false,国创
39490,正邪 动态漫,1,120,false,动态漫
48005,哈小浪之星城守护者,1,120,false,少儿
35197,黑白无双 第三季,1,120,false,国创
41231,菜菜子职场大作战,1,120,false,国创
6373,纳米核心 第一季,1,120,false,国创
3369,爆蛋晶英,1,120,false,国创
23837,斩兽之刃,1,120,false,国创
46475,猪猪侠之竞球小英雄3,1,120,false,少儿
26312,Gon的旱獭 第三季,1,120,false,国创
2307,海尔兄弟,1,120,false,国创
43888,百炼成神,1,120,false,国创
42299,元气奇事,1,120,false,国创
5625,叫我僵小鱼 叙缘篇,1,120,false,国创
108232,哈小浪一家 第4季,1,120,false,少儿
28765,望古神话之天选者,1,120,false,国创
44131,飞狗莫柯之家有小短腿,1,120,false,国创
5876,纳米核心 第三季,1,120,false,国创
44886,宝宝巴士学垃圾分类,1,120,false,少儿
27935,少女前线 人形小剧场 日语版,1,120,false,国创
6064,我是江小白,1,120,false,国创
40784,我们的冬奥,1,120,false,电影
45286,如果历史是一群喵 宋辽金夏篇,1,120,false,国创
26514,妲己不是坏狐狸 漫动画,1,120,false,动态漫
39489,我叫MT：归来,1,120,false,国创
73403,霸王龙雷奇 第二季,1,120,false,少儿
38655,摩尔庄园 第三季,1,120,false,少儿
5373,虹猫仗剑走天涯,1,120,false,国创
35212,银河之心,1,120,false,国创
48676,盒中之海,1,120,false,电影
28438,聪明的顺溜,1,120,false,国创
37521,金光御九界之仙古狂涛,1,120,false,国创
25402,肆式青春,1,120,false,电影
41132,赛尔号 ,1,120,false,少儿
35222,搜玄录之宸灵纪,1,120,false,国创
43346,正经少主的幸福生活,1,120,false,国创
5740,废柴狐阿桔,1,120,false,国创
39720,花开张美丽,1,120,false,国创
91575,凸变英雄X 日语版,1,120,false,国创
41528,叽歪老表 第二季,1,120,false,国创
26173,由你玩四年,1,120,false,国创
26190,领风者,1,120,false,国创
5395,泡芙小姐 第七季,1,120,false,国创
34426,少女前线 人形小剧场 第二季,1,120,false,国创
26176,通灵妃 河南话版,1,120,false,国创
43548,七侯笔录,1,120,false,国创
47199,我靠签到逆天改命,1,120,false,国创
27043,重生只为追影帝 漫动画,1,120,false,动态漫
43285,2022-2023 bilibili国创动画作品发布会,1,120,false,活动
47926,白色闪电,1,120,false,国创
46113,凹凸学园 第三季,1,120,false,国创
38559,三只松鼠之萌力觉醒,1,120,false,国创
23924,Gon的旱獭 第二季,1,120,false,国创
6492,女生宿舍日常 第二季,1,120,false,国创
103580,苍兰诀,1,120,false,国创
24711,大话之少年游,1,120,false,国创
5570,一课一练 中文版,1,120,false,国创
43371,无脑魔女,1,120,false,国创
35211,血与心,1,120,false,国创
24888,山河社稷图,1,120,false,国创
46473,猪猪侠之竞球小英雄1,1,120,false,少儿
22098,梦塔·雪谜城,1,120,false,国创
21327,海岸线不污正业sp,1,120,false,国创
46616,头脑特工队2,1,120,false,电影
43342,女神有点灵,1,120,false,国创
236267,果宝特攻,1,120,false,国创
120817,2025-2026 bilibili国创动画作品发布会,1,120,false,活动
46474,猪猪侠之竞球小英雄2,1,120,false,少儿
45977,邂逅她的少女时代,1,120,false,国创
28247,启蒙积木玩具定格动画：破晓行动队,1,120,false,国创
6404,茶啊二中 嘎嘎以嘎斯,1,120,false,国创
48502,食草老龙被冠以恶龙之名 第二季,1,120,false,国创
43887,一剑独尊,1,120,false,国创
47990,民调局异闻录 第2季,1,120,false,国创
43370,今天的晚餐就是你,1,120,false,国创
2520,葫芦小金刚,1,120,false,国创
24335,无敌极光侠,1,120,false,国创
48631,聊斋：兰若寺,1,120,false,电影
6537,血色苍穹（下篇）,1,120,false,国创
40835,龙隐于雪,1,120,false,国创
6190,魁拔妖侠传,1,120,false,国创
100292,如果历史是一群喵 元末明初篇,1,120,false,国创
39660,长歌行,1,120,false,国创
26288,垂直世界之地中海美少年,1,120,false,国创
25978,凹凸世界 日语版,1,120,false,国创
102042,明日方舟：焰烬曙明,1,120,false,国创
26299,豆小鸭迷你小冒险,1,120,false,国创
170138,给孩子的上下五千年,1,120,false,国创
6487,纳米核心 第三季（下篇）,1,120,false,国创
41127,赛尔号 第2季,1,120,false,少儿
39754,2021-2022 bilibili国创动画作品发布会,1,120,false,活动
1818,蓝猫淘气3000问 恐龙时代,1,120,false,少儿
26710,战斗吧歌姬！ 第二季,1,120,false,国创
39398,乱斗学院,1,120,false,国创
44823,神兽金刚之地球之盾,1,120,false,少儿
5897,南烟斋笔录,1,120,false,国创
3715,围棋少年,1,120,false,国创
48310,如果历史是一群喵 南宋金元篇,1,120,false,国创
2596,英雄别闹,1,120,false,国创
104505,斗龙战士 第二季,1,120,false,少儿
44784,逆天战纪,1,120,false,国创
2960,长歌行 动态漫,1,120,false,动态漫
28172,我才不会被女孩子欺负呢 动态漫,1,120,false,动态漫
45967,笼中人,1,120,false,国创
73493,雄狮少年2,1,120,false,电影
104504,斗龙战士,1,120,false,少儿
6354,纳米核心 第二季,1,120,false,国创
1819,蓝猫淘气3000问 星际大战,1,120,false,少儿
5901,盗墓笔记之沙海,1,120,false,国创
39552,飞狗MOCO之小柯基的脑洞时刻,1,120,false,国创
43307,戏精宿舍,1,120,false,国创
37533,手机里的浣熊小镇,1,120,false,国创
45970,你的人生是我来迟了,1,120,false,国创
348,纳米核心 精简版,1,120,false,国创
38912,美影大乐园,1,120,false,国创
6394,看个球,1,120,false,国创
27996,请吃红小豆吧！外传 莫相忘,1,120,false,国创
39264,咸鱼哥 粤语版,1,120,false,国创
108234,哈小浪上学记 第4季,1,120,false,少儿
26227,时之歌—花与焰的狂想诗,1,120,false,国创
26638,头条都是他 第二季,1,120,false,国创
39946,Q版三国之刘关张,1,120,false,国创
41096,变形联盟,1,120,false,国创
28748,红荒,1,120,false,国创
1801,蓝猫龙骑团 TV,1,120,false,少儿
26515,猫妖的诱惑 漫动画,1,120,false,动态漫
47194,史上最强,1,120,false,国创
26177,通灵妃 东北话版,1,120,false,国创
45531,斗破苍穹 动态漫 第四季,1,120,false,动态漫
26192,拾又之国,1,120,false,国创
25007,帝王侧,1,120,false,国创
74570,2024-2025 bilibili国创动画作品发布会,1,120,false,活动
5888,前方高能之滑稽,1,120,false,国创
35225,山海绝伦,1,120,false,国创
44757,功夫熊猫3,1,120,false,电影
45980,暂停！智序重组,1,120,false,国创
46489,猪猪侠之光明守卫者,1,120,false,少儿
33936,最强蜗牛不速之客,1,120,false,国创
80050,哪吒传奇,1,120,false,国创
47106,旅途危机！圣芙蕾雅号特别事件,1,120,false,国创
38836,摩尔庄园 第二季,1,120,false,少儿
6385,头条都是他,1,120,false,国创
28753,九九八十一,1,120,false,国创
47087,不白吃古诗词漫游记 第一季,1,120,false,国创
43355,君子无疾,1,120,false,国创
5647,梦幻西游之天命之战,1,120,false,国创
6415,霸王面具,1,120,false,国创
6386,通灵妃动态漫 第二季,1,120,false,动态漫
46005,明日方舟：冬隐归路 中配版,1,120,false,国创
2690,我叫MT 第一季,1,120,false,国创
26518,怪奇笔记 漫动画,1,120,false,动态漫
28560,你在星光深处,1,120,false,国创
44878,宝宝巴士启蒙音乐剧救援队出动,1,120,false,少儿
2533,哪吒闹海,1,120,false,国创
102041,明日方舟：焰烬曙明 中配版,1,120,false,国创
5854,超游世界,1,120,false,国创
108229,哈小浪一家 第1季,1,120,false,少儿
24253,阴阳师·平安物语 sp,1,120,false,国创
39704,天宝伏妖录 第三季,1,120,false,国创
97755,双生武魂,1,120,false,国创
47196,弟子都说我无敌,1,120,false,国创
108231,哈小浪一家 第3季,1,120,false,少儿
44065,鲤氏侦探事务所 中配版,1,120,false,国创
42523,斗破苍穹 动态漫第三季,1,120,false,动态漫
40220,神奇阿呦之最强流星人,1,120,false,国创
105565,是王者啊？稷下篇,1,120,false,国创
3402,正义红师,1,120,false,国创
38435,花果山传,1,120,false,国创
229649,放开那个女巫,1,120,false,国创
44309,新大头儿子和小头爸爸 第1季,1,120,false,少儿
45990,2023-2024 bilibili国创动画作品发布会,1,120,false,活动
40483,阴阳师·平安物语 第3季 ,1,120,false,国创
43351,大道独行之蝶龙变,1,120,false,国创
48516,斗破苍穹 动态漫 第五季,1,120,false,动态漫
5858,霹雳天命之仙魔鏖锋（普通话免费）,1,120,false,国创
39748,大耳朵图图之霸王龙在行动,1,120,false,电影
5572,时空使徒 中文版,1,120,false,国创
2518,黑猫警长,1,120,false,国创
154624,萌鸡小队 第1季,1,120,false,少儿
109959,全球御鬼时代，我成了最终BOSS 动态漫,1,120,false,动态漫
6351,人人爱我猪小屁,1,120,false,国创
25816,喂，看见耳朵啦 第二季,1,120,false,国创
28236,太子得了失心疯 动态漫,1,120,false,动态漫
44873,宝宝巴士启蒙音乐剧动物世界,1,120,false,少儿
5301,墓王之王 麒麟决,1,120,false,国创
38046,开心超人,1,120,false,电影
24448,天才玩偶,1,120,false,国创
5390,小明和王猫,1,120,false,国创
28552,梦幻西游之天命之路,1,120,false,国创
5893,天下第几,1,120,false,国创
105212,时光代理人 第三季,1,120,false,国创
38491,师兄，请按剧本来！ 动态漫,1,120,false,动态漫
38361,梦幻书院之科学小记者,1,120,false,国创
107369,枕刀歌 第三季,1,120,false,国创
25598,无敌极光侠 英文版,1,120,false,国创
38471,神兵小将 第二部,1,120,false,少儿
43359,怪兽小馆,1,120,false,国创
28083,黄逗菌特别版之《忘不了》,1,120,false,国创
28767,我真的没用咩？,1,120,false,国创
48020,不白吃古诗词漫游记 第二季,1,120,false,国创
47918,加菲猫家族,1,120,false,电影
24710,我是江小白 第二季,1,120,false,国创
48156,精灵梦叶罗丽 第10季,1,120,false,少儿
92648,念无双,1,120,false,国创
39727,梦幻书院 第六季,1,120,false,国创
33941,启蒙积木玩具定格动画：雷霆使命联合行动,1,120,false,国创
42023,梦幻书院 第七季,1,120,false,国创
44739,我可以修改万物时间线,1,120,false,国创
47195,超级微信,1,120,false,国创
2516,阿凡提的故事,1,120,false,国创
23772,让我们烧吧！！！,1,120,false,国创
5902,寻师伏魔录,1,120,false,国创
43368,四格勇者,1,120,false,国创
28555,梦幻西游之化境飞升,1,120,false,国创
28092,战国千年 动态漫,1,120,false,动态漫
95562,U探泰拉,1,120,false,国创
23494,宿舍不日常,1,120,false,国创
6388,峡谷重案组前篇,1,120,false,国创
6187,盗墓笔记之沙海 第二季,1,120,false,国创
28557,梦幻西游之雷怒危机,1,120,false,国创
46631,大头儿子和小头爸爸,1,120,false,少儿
45186,修仙就要抱大腿,1,120,false,国创
108235,我的同学是诸葛双双 第1季,1,120,false,国创
33664,大耳朵图图之美食狂想曲,1,120,false,电影
2632,雏蜂,1,120,false,国创
2710,山口山战记 草裙娃娃,1,120,false,国创
30306,元尊 动态漫,1,120,false,动态漫
47797,鲲吞天下 动态漫,1,120,false,动态漫
43374,怪想售,1,120,false,国创
34498,梦幻书院 第四季,1,120,false,国创
39665,偷星九月天,1,120,false,国创
112201,遇强则强，我的修为无上限 动态漫,1,120,false,动态漫
3588,双月之城,1,120,false,国创
44308,中国神话故事,1,120,false,国创
47303,万古第一神,1,120,false,国创
38470,奇幻龙宝,1,120,false,国创
2694,我叫MT 第四季,1,120,false,国创
44064,鲤氏侦探事务所,1,120,false,国创
5374,虹猫蓝兔光明剑,1,120,false,少儿
26022,霹雳魔封（普通话免费）,1,120,false,国创
667,死灵编码,1,120,false,国创
40165,百兽总动员,1,120,false,少儿
73959,剑网3·沈剑心的365天,1,120,false,国创
48158,我叫MT 第七季,1,120,false,国创
37554,梦幻书院之呼吸健康科普,1,120,false,国创
35217,猫灵相册,1,120,false,国创
26521,我为苍生 漫动画,1,120,false,动态漫
48092,赛尔号 第10季,1,120,false,少儿
44809,电器少女,1,120,false,国创
26511,心跳300秒 漫动画,1,120,false,动态漫
48307,原来我早就无敌了 第二季 动态漫,1,120,false,动态漫
27589,驸马不要啊 动态漫  第一季,1,120,false,动态漫
5375,虹猫蓝兔勇者归来,1,120,false,少儿
40214,奇积乐园,1,120,false,国创
111194,猪猪侠·一只老猪的逆袭,1,120,false,电影
85593,蛮荒仙界,1,120,false,国创
26546,豆小鸭探险小窍门,1,120,false,国创
5898,我是丐帮不打奶花,1,120,false,国创
97321,U探泰拉 中配版,1,120,false,国创
6186,食神魂,1,120,false,国创
26253,三只松鼠之松鼠小镇,1,120,false,国创
39657,大宇宙时代,1,120,false,国创
26513,初恋微甜 漫动画,1,120,false,动态漫
2695,我叫MT 第五季,1,120,false,国创
108233,哈小浪上学记 第3季,1,120,false,少儿
48099,赛尔号 第3季,1,120,false,少儿
26368,餐桌上的世说新语,1,120,false,国创
665,馒头日记,1,120,false,国创
42066,燃夏,1,120,false,国创
47104,小绿和小蓝 第五季,1,120,false,国创
39670,火星西路7号,1,120,false,国创
73197,赛几传说,1,120,false,国创
43366,虚无边境,1,120,false,国创
5863,国民老公带回家,1,120,false,国创
28176,京京来乐道,1,120,false,国创
48127,哈小浪之星域大冒险,1,120,false,少儿
29379,三只松鼠之松鼠小镇2,1,120,false,国创
46587,大雨,1,120,false,电影
47645,小倩,1,120,false,电影
663,山海师,1,120,false,国创
25588,战斗吧歌姬！ 第一季,1,120,false,国创
45979,驭灵师,1,120,false,国创
44377,美食大冒险,1,120,false,国创
5873,斗破苍穹 Q版小剧场,1,120,false,国创
38951,天上掉下个猪八戒,1,120,false,国创
212954,无用联萌,1,120,false,国创
6060,银之守墓人 日文版,1,120,false,国创
33220,大闹天宫,1,120,false,电影
26566,男友总在修罗场,1,120,false,国创
24333,暮光幻影,1,120,false,国创
44310,新大头儿子和小头爸爸 第2季,1,120,false,少儿
46240,小品一家人之神探修勾,1,120,false,少儿
47107,巴啦啦小魔仙之彩虹心石,1,120,false,国创
24277,凸变英雄 LEAF 日语版,1,120,false,国创
38084,龙之谷：破晓奇兵,1,120,false,电影
38138,新大头儿子和小头爸爸之秘密计划,1,120,false,电影
2692,我叫MT 第三季,1,120,false,国创
76342,枕刀歌 第一季,1,120,false,国创
43029,这个年纪还能当大侠吗,1,120,false,国创
47193,都市最强房东,1,120,false,国创
43338,新·异常生物见闻录：序,1,120,false,国创
43162,开心超人之英雄的心,1,120,false,电影
2540,灰体,1,120,false,国创
106805,缥缈剑仙传,1,120,false,国创
35219,上海故事,1,120,false,国创
24893,霹雳惊涛（普通话免费),1,120,false,国创
100170,亡灵天灾：我抬手百万骨海 动态漫,1,120,false,动态漫
44013,今天少主不在家,1,120,false,国创
26465,霹雳英雄战纪之刀说异数（普通话）,1,120,false,国创
45739,我玩游戏成了绝世强者,1,120,false,国创
40554,钢铁飞龙3 山海神兽录,1,120,false,少儿
28331,阴阳师·平安物语 第2季 中配版,1,120,false,国创
39280,2020-2021 bilibili国创动画作品发布会,1,120,false,活动
34699,太子得了失心疯 动态漫 第二季,1,120,false,动态漫
48098,赛尔号 第4季,1,120,false,少儿
39717,武林不二周刊,1,120,false,国创
47513,女娲补天,1,120,false,国创
48807,请吃红小豆吧！食物世界 第一季,1,120,false,国创
38596,叫我僵小鱼 叙缘篇 第二季 双鱼记,1,120,false,国创
104507,斗龙战士 第四季,1,120,false,少儿
42522,斗破苍穹 动态漫,1,120,false,动态漫
106806,万古剑帝,1,120,false,国创
23553,霹雳天命之战祸邪神Ⅱ破邪传（普通话免费）,1,120,false,国创
47191,都市最强仙尊,1,120,false,国创
38622,前无古人 动态漫,1,120,false,动态漫
39721,李林克的小馆儿 第二季,1,120,false,国创
32979,梦幻书院 第三季,1,120,false,国创
103104,生肖传奇之十二生肖闯江湖,1,120,false,国创
5376,虹猫蓝兔阿木星,1,120,false,少儿
26835,梦幻书院,1,120,false,国创
41632,超变战陀3双甲战陀,1,120,false,少儿
48016,喜羊羊与灰太狼之守护,1,120,false,电影
2691,我叫MT 第二季,1,120,false,国创
34708,我独自盗墓 动态漫,1,120,false,动态漫
73971,为喵人生,1,120,false,国创
2519,舒克和贝塔,1,120,false,国创
26155,斩兽之刃外传,1,120,false,国创
2169,我为歌狂,1,120,false,国创
39212,2019-2020 bilibili国创动画作品发布会,1,120,false,活动
48097,赛尔号 第5季,1,120,false,少儿
38828,血与火：新中国是这样炼成的,1,120,false,国创
24201,无聊诗社 第二季,1,120,false,国创
40952,图图的智慧王国数学系列,1,120,false,国创
6020,勇者大冒险之黄泉手记,1,120,false,国创
34235,异常生物见闻录 特别篇,1,120,false,国创
35210,恰同学少年,1,120,false,国创
5845,择天记 第二季,1,120,false,国创
35221,斗神姬,1,120,false,国创
46790,斗龙战士 第六季,1,120,false,少儿
88105,快乐星猫 第三季,1,120,false,少儿
154656,超级飞侠 第12季,1,120,false,国创
6387,英俊又可爱,1,120,false,国创
33497,元尊 动态漫 第二季：力挽狂澜,1,120,false,动态漫
48008,伞少女,1,120,false,电影
43978,长征先锋,1,120,false,国创
104503,斗龙战士 第三季,1,120,false,少儿
26353,拾又之国 日语版,1,120,false,国创
88534,猫猫的奇幻漂流,1,120,false,电影
48283,炼气练了三千年 动态漫 第三季,1,120,false,动态漫
45958,大侠请上功,1,120,false,国创
4585,勇者大冒险 番外篇,1,120,false,国创
44054,古迪积木定格动画：城市警察,1,120,false,国创
41098,偷星九月天·异世界 动态漫,1,120,false,动态漫
1829,魔豆传奇,1,120,false,国创
48243,咖宝车神之时空守护,1,120,false,国创
46628,小刻的画图写话 中配版,1,120,false,国创
3435,吃谜少女,1,120,false,国创
45956,曾经有勇士,1,120,false,国创
72641,猪猪侠之恐龙日记 第1季,1,120,false,少儿
28860,京京来乐道 第二季,1,120,false,国创
46627,小刻的画图写话,1,120,false,国创
106703,万剑王座,1,120,false,国创
6484,王兄李兄没完没了的故事,1,120,false,国创
39703,异空战歌,1,120,false,国创
28040,爱我吧，苏大人 第二季 动态漫,1,120,false,动态漫
38647,炫击勇者,1,120,false,国创
27760,斐然向风,1,120,false,国创
38372,还击45秒,1,120,false,国创
106807,天命大神皇,1,120,false,国创
106808,绝世神皇,1,120,false,国创
6174,通灵妃动态漫 第一季,1,120,false,动态漫
48103,小花仙 第四季,1,120,false,少儿
40654,鳄里斯和鱼英俊,1,120,false,国创
20170,49%的灵魂,1,120,false,国创
44817,梦幻书院 第八季,1,120,false,国创
48155,精灵梦叶罗丽 第9季,1,120,false,少儿
38280,少女前线 人形小剧场 第二季 日语版,1,120,false,国创
142988,熊出没·年年有熊,1,120,false,电影
76349,枕刀歌 第二季,1,120,false,国创
2846,时间支配者,1,120,false,国创
39948,Q版三国之三小强,1,120,false,国创
106809,荒古恩仇录·破风篇,1,120,false,国创
5860,枪灵计划,1,120,false,国创
44311,新大头儿子和小头爸爸 第3季,1,120,false,少儿
3614,从前有座灵剑山  日文版,1,120,false,国创
42706,如果那天没有踏进大学校门,1,120,false,国创
43048,光子英雄传：超神灵主 动态漫,1,120,false,动态漫
108230,哈小浪一家 第2季,1,120,false,少儿
48102,小花仙 第三季,1,120,false,少儿
38505,此喵太白,1,120,false,国创
72729,炫卡斗士之猛兽能量,1,120,false,国创
20712,霹雳天命之仙魔鏖锋Ⅱ斩魔录（普通话免费）,1,120,false,国创
37920,三只松鼠之中国行,1,120,false,国创
33392,虹猫蓝兔火凤凰,1,120,false,电影
39293,马克思漫漫说,1,120,false,国创
6292,斗龙战士 第五季,1,120,false,少儿
72659,乌龙院之活宝传奇 第1-8季合集,1,120,false,国创
40198,毛毛镇之冰雪加油队,1,120,false,国创
46171,小绿和小蓝 第三季,1,120,false,国创
32901,精灵梦叶罗丽,1,120,false,少儿
5730,霹雳侠影之轰动武林（普通话免费）,1,120,false,国创
24365,喂，看见耳朵啦 日语版,1,120,false,国创
39888,三毛流浪记,1,120,false,国创
46653,小绿和小蓝 第四季,1,120,false,国创
6254,魔晶猎人 第四季,1,120,false,国创
44423,中医故事,1,120,false,国创
41357,剑与远征-伊索米亚的那些事儿,1,120,false,国创
48240,咖宝车神之拯救联盟（上）,1,120,false,国创
46481,百变校巴1,1,120,false,少儿
28559,梦幻书院 第二季,1,120,false,国创
6395,食神魂 第二季,1,120,false,国创
48094,赛尔号 第8季,1,120,false,少儿
5248,战国FAN,1,120,false,国创
38130,阿衰 四川话版,1,120,false,国创
38548,酷大叔的恋爱物语 动态漫,1,120,false,动态漫
46850,龙战士星源,1,120,false,国创
3321,吃饭睡觉打豆豆 豆特么黑,1,120,false,国创
46467,猪猪侠之超星五灵侠1,1,120,false,少儿
42004,向着明亮那方,1,120,false,电影
5944,和女儿的日常 第二季,1,120,false,国创
236344,电击小子,1,120,false,国创
1822,蓝猫淘气3000问 太空历险,1,120,false,少儿
24846,记忆U盘,1,120,false,国创
41683,我才不会被女孩子欺负呢 动态漫 第二季,1,120,false,动态漫
44368,食草老龙被冠以恶龙之名 日语版,1,120,false,国创
47145,我在未来有套房,1,120,false,国创
124443,星卡梦少女4花神的试炼,1,120,false,国创
68616,元气奇事2,1,120,false,国创
72623,猪猪侠之深海小英雄3,1,120,false,少儿
48096,赛尔号 第6季,1,120,false,少儿
44256,神兽金刚之超变星甲,1,120,false,少儿
46859,少年英雄小哪吒,1,120,false,国创
118958,第一序列 第二季,1,120,false,国创
44318,快乐星猫 第七季,1,120,false,少儿
28446,地道战之英雄出少年,1,120,false,国创
46764,疯狂小糖 第二季,1,120,false,国创
3796,半面人,1,120,false,国创
91783,海尔兄弟高清重制版,1,120,false,国创
34155,喵千岁的成年礼,1,120,false,国创
41978,阳光咖啡厅之新友纪,1,120,false,国创
48242,咖宝车神之飞天战队,1,120,false,国创
46485,百变校巴9,1,120,false,少儿
6289,我家业主会作妖,1,120,false,国创
6021,喵有卵用 第二季,1,120,false,国创
23983,二二二哈企,1,120,false,国创
46763,疯狂小糖 第六季,1,120,false,国创
2521,镜花缘,1,120,false,国创
33423,武装精灵,1,120,false,国创
122669,我的哪吒与变形金刚,1,120,false,国创
5739,霹雳狼烟之古原争霸,1,120,false,国创
45616,新大头儿子和小头爸爸 欢乐亲子营,1,120,false,少儿
106810,武魂大陆,1,120,false,国创
40130,SOS！超危职场人,1,120,false,国创
116832,仙尊归来：只手镇人间,1,120,false,国创
85214,三国演义,1,120,false,国创
2517,邋遢大王奇遇记,1,120,false,国创
36278,奇奇和努娜,1,120,false,国创
48241,咖宝车神之拯救联盟（下）,1,120,false,国创
45978,夜的命名术,1,120,false,国创
37746,长剑风云 粤语版,1,120,false,国创
34123,任务大师,1,120,false,国创
42075,元尊 动态漫 第三季：真假圣龙,1,120,false,动态漫
119021,镇魂街 第五季,1,120,false,国创
28110,世说新语 动态漫,1,120,false,动态漫
102584,喜羊羊与灰太狼之异国破晓,1,120,false,电影
111041,三国的星空第一部,1,120,false,电影
5732,霹雳侠影之轰掣天下（普通话免费）,1,120,false,国创
25808,小黄人与格鲁日记,1,120,false,国创
26565,爱我吧，苏大人 动态漫,1,120,false,动态漫
1703,吃饭睡觉打豆豆,1,120,false,国创
98269,原来我早就无敌了 第三季 动态漫,1,120,false,动态漫
39804,让梦想起飞,1,120,false,国创
6390,拇指鸡,1,120,false,国创
25587,战斗吧歌姬！ 第零季,1,120,false,国创
6250,魔晶猎人 第一季,1,120,false,国创
29032,霹雳侠峰（普通话免费）,1,120,false,国创
85589,万界主宰,1,120,false,国创
112207,泰坦时代：我觉醒了十凶 动态漫,1,120,false,动态漫
44319,快乐星猫 第八季,1,120,false,少儿
38362,龙娃,1,120,false,国创
22321,琥珀虚颜,1,120,false,国创
112206,全民转职！我！即是亡灵天灾 动态漫,1,120,false,动态漫
103105,嫁人就嫁灰太狼,1,120,false,国创
48244,神奇的朋友 咖宝蛋神,1,120,false,国创
5831,从前有座灵剑山 第二季日文版,1,120,false,国创
236405,电击小子2 ,1,120,false,国创
32556,风姿物语 动态漫,1,120,false,动态漫
5595,一课一练 日文版,1,120,false,国创
45080,变形联盟之超变战神,1,120,false,国创
47198,我的弟子都超神 第二季,1,120,false,国创
47496,老狼请客,1,120,false,国创
5734,霹雳开天记之创神篇（普通话）,1,120,false,国创
47142,开心超人之时空营救,1,120,false,电影
105348,猫和老鼠：星盘奇缘,1,120,false,电影
48093,赛尔号 第9季,1,120,false,少儿
5731,霹雳侠影之轰定干戈（普通话免费）,1,120,false,国创
2537,九色鹿,1,120,false,国创
39806,小蝌蚪找妈妈,1,120,false,电影
6086,国民老公带回家 第二季,1,120,false,国创
42538,给我来个小狐狸,1,120,false,国创
41447,团子们的使命,1,120,false,国创
31797,世说新语 动态漫 第二季,1,120,false,动态漫
103004,我的师傅每到大限才突破 动态漫,1,120,false,动态漫
38891,饼干警长,1,120,false,国创
72956,车宝乐园之变形工程车,1,120,false,国创
46494,猪猪侠之超星萌宠4,1,120,false,少儿
38783,斗破苍穹之大主宰 动态漫 第三季,1,120,false,动态漫
5864,全职法师Q版小剧场,1,120,false,国创
5736,霹雳谜城之九轮异谱（普通话）,1,120,false,国创
38340,武圣关公,1,120,false,电影
32006,LILY 动态漫,1,120,false,动态漫
72946,23号牛乃唐 第1季,1,120,false,国创
80048,小鲤鱼历险记,1,120,false,少儿
46490,猪猪侠之梦想守卫者,1,120,false,少儿
48281,炼气练了三千年 动态漫 第一季,1,120,false,动态漫
99546,封灵特优生 动态漫,1,120,false,动态漫
32430,星武神诀 动态漫,1,120,false,动态漫
47670,阿诺德和他可爱的木偶们 繁体中文版,1,120,false,国创
5733,霹雳侠影之轰霆剑海录（普通话）,1,120,false,国创
44387,数学魔法,1,120,false,国创
42173,卡卡虎大冒险,1,120,false,国创
46488,百变校巴12,1,120,false,少儿
23797,纳米学院,1,120,false,国创
48095,赛尔号 第7季,1,120,false,少儿
98255,反派师尊的我带着徒弟们天下无敌 动态漫,1,120,false,动态漫
27684,驸马不要啊 动态漫  第二季,1,120,false,动态漫
1817,蓝猫淘气3000问 幽默舞台,1,120,false,少儿
5735,霹雳开天记之创神篇下阕（普通话）,1,120,false,国创
2522,魔方大厦,1,120,false,国创
44312,新大头儿子和小头爸爸 第4季,1,120,false,少儿
40212,魔幻陀螺之聚能引擎,1,120,false,国创
6252,魔晶猎人 第二季,1,120,false,国创
24532,第二模式,1,120,false,国创
48153,精灵梦叶罗丽 第7季,1,120,false,少儿
29008,驸马不要啊 动态漫 第三季,1,120,false,动态漫
2525,封神榜传奇,1,120,false,国创
48505,熊出没·重启未来,1,120,false,电影
48149,精灵梦叶罗丽 第3季,1,120,false,少儿
28857,餐桌上的世说新语  第二季,1,120,false,国创
5903,飞鱼,1,120,false,国创
6062,同居男闺蜜,1,120,false,国创
47792,咸鱼哥 第二季 粤语版,1,120,false,国创
47050,霹雳勇士,1,120,false,国创
2658,雏蜂 日语版,1,120,false,国创
46960,阿优之神奇萝卜,1,120,false,国创
103068,时间之子,1,120,false,电影
39211,2018-2019bilibili国创动画作品发布会,1,120,false,活动
38275,超变战陀,1,120,false,少儿
45524,金猴降妖,1,120,false,电影
29377,蓝翅 动态漫,1,120,false,动态漫
46959,新大头儿子和小头爸爸英雄梦,1,120,false,少儿
105931,向着星辰的长征,1,120,false,国创
44378,美食大冒险之文明之旅,1,120,false,国创
44313,新大头儿子和小头爸爸 第5季,1,120,false,少儿
99798,航天双子星 第二季,1,120,false,国创
26466,霹雳英雄战纪之刀说异数（闽南语）,1,120,false,国创
1820,蓝猫淘气3000问 海洋世界,1,120,false,少儿
48152,精灵梦叶罗丽 第6季,1,120,false,少儿
98831,我的弟子遍布诸天万界 第二季 动态漫,1,120,false,动态漫
38025,飞吧！篮球,1,120,false,国创
5743,十二生肖,1,120,false,国创
39851,熊孩子的灵魂拷问,1,120,false,国创
48154,精灵梦叶罗丽 第8季,1,120,false,少儿
48282,炼气练了三千年 动态漫 第二季,1,120,false,动态漫
20716,霹雳天命之战祸邪神（普通话免费）,1,120,false,国创
42423,这一次怪兽赢了,1,120,false,电影
72947,23号牛乃唐 第2季,1,120,false,国创
47697,宝莲灯,1,120,false,电影
223792,奇迹先锋,1,120,false,国创
28750,精忠报国,1,120,false,国创
46491,猪猪侠之超星萌宠1,1,120,false,少儿
48246,盟卡车神之魔幻对决W,1,120,false,国创
47577,猪猪侠大电影·星际行动,1,120,false,电影
2699,超级肥皂,1,120,false,国创
24336,暮光幻影 日语版,1,120,false,国创
5940,Hello Kitty爱漫游,1,120,false,国创
28379,霹雳靖玄录下阙（普通话免费）,1,120,false,国创
40482,阴阳师·平安物语 第3季 中配版,1,120,false,国创
27926,霹雳靖玄录（普通话免费）,1,120,false,国创
126296,帮帮龙出动之恐龙探险队,1,120,false,少儿
6482,日常幻想指南,1,120,false,国创
46477,猪猪侠之竞速小英雄1,1,120,false,少儿
47006,图腾领域,1,120,false,少儿
1798,抗日英雄杨来西,1,120,false,国创
3818,求求你，吃我吧,1,120,false,国创
46849,心奇爆龙战车x龙装战甲 第二季,1,120,false,少儿
33845,三三的恶作剧厨房,1,120,false,国创
45968,开拍啦！怪兽大电影,1,120,false,国创
33853,柳毅传奇,1,120,false,国创
42500,邪神祭,1,120,false,电影
115002,全民神祇：我献祭亿万生灵成神 动态漫,1,120,false,动态漫
34302,麦兜·我和我妈妈,1,120,false,电影
4907,诸神的紫菜包饭,1,120,false,国创
72643,猪猪侠之恐龙日记 第2季,1,120,false,少儿
6493,兔潮帮,1,120,false,国创
48151,精灵梦叶罗丽 第5季,1,120,false,少儿
46953,熊猫和小鼹鼠,1,120,false,国创
43273,守护联萌ROY6之森林里的迷你你,1,120,false,国创
45539,黑猫警长之翡翠之星,1,120,false,电影
5738,霹雳狼烟之万堺尘涛（普通话）,1,120,false,国创
102885,系统逼我做反派 动态漫,1,120,false,动态漫
48148,精灵梦叶罗丽 第2季,1,120,false,少儿
128706,神兽金刚之邦宝历险记4,1,120,false,少儿
47907,小药童也想修仙,1,120,false,国创
46946,棉花糖和云朵妈妈,1,120,false,少儿
38304,趣味三十六计,1,120,false,国创
6256,太极熊猫,1,120,false,少儿
72721,光影天炎战甲,1,120,false,国创
44454,最后的召唤师 日语版,1,120,false,国创
38183,十二生肖,1,120,false,国创
40793,毛毛镇 第三季,1,120,false,国创
207000,武帝隐居之后的生活 动态漫,1,120,false,动态漫
43802,开心智趣园之幼教故事,1,120,false,国创
46895,天眼归来,1,120,false,超长篇
6506,地藏齐天,1,120,false,国创
5905,我是丐帮不打奶花 第二季,1,120,false,国创
85594,仙迹寻踪,1,120,false,国创
39961,Q版三国之刘关张 粤语版,1,120,false,国创
47007,图腾领域 第二季,1,120,false,少儿
32412,末日告白诗 动态漫,1,120,false,动态漫
46493,猪猪侠之超星萌宠3,1,120,false,少儿
2532,没头脑和不高兴,1,120,false,国创
43066,不鸭短片之八九不离食,1,120,false,国创
46887,不一样的数学故事,1,120,false,国创
28305,大禹治水,1,120,false,国创
46579,路,1,120,false,电影
39809,小鲤鱼跳龙门,1,120,false,电影
45434,妖道至尊,1,120,false,国创
72621,猪猪侠之深海小英雄1,1,120,false,少儿
33464,不思异：梦行者,1,120,false,国创
46484,百变校巴4,1,120,false,少儿
5721,霹雳震寰宇之刀龙传说,1,120,false,国创
5608,疯暴英雄,1,120,false,国创
122457,紫禁·御喵房,1,120,false,国创
2629,疯狂时代 第一季,1,120,false,国创
48104,小花仙 第五季 春季篇,1,120,false,少儿
98252,目标一亿积分 动态漫,1,120,false,动态漫
48150,精灵梦叶罗丽 第4季,1,120,false,少儿
44297,棉花糖和云朵妈妈 第三季,1,120,false,少儿
126474,激战奇轮2,1,120,false,国创
5737,霹雳狼烟之九轮燎原（普通话）,1,120,false,国创
5946,和女儿的日常 第一季,1,120,false,国创
6513,逆光之颤,1,120,false,国创
48285,万渣朝凰 第一季,1,120,false,国创
38549,时空恋人 动态漫,1,120,false,动态漫
85591,战神联盟,1,120,false,国创
41172,孔子之道,1,120,false,国创
46947,棉花糖和云朵妈妈 第二季,1,120,false,少儿
44317,快乐星猫 第六季,1,120,false,少儿
44343,机变英盟,1,120,false,少儿
44286,神兽金刚5,1,120,false,少儿
26806,时之歌—暮日醒觉诗 谍影篇,1,120,false,国创
38197,乐比悠悠教育系列之快乐成长,1,120,false,少儿
46922,布鲁可战队 第三季,1,120,false,国创
46486,百变校巴10,1,120,false,少儿
39738,骄傲的将军,1,120,false,电影
46487,百变校巴11,1,120,false,少儿
33164,王爷你好贱 动态漫,1,120,false,动态漫
27761,神雕实验室 漫动画,1,120,false,动态漫
48288,万渣朝凰 第四季,1,120,false,国创
46498,百变校巴之超学先锋4,1,120,false,少儿
2515,三毛流浪记,1,120,false,国创
112194,亏成首富从游戏开始 日语版,1,120,false,国创
44946,长剑风云 第二季 粤语版,1,120,false,国创
39313,疫战到底,1,120,false,国创
38276,超变战陀之爆甲战陀,1,120,false,少儿
5879,超游世界 日文版,1,120,false,国创
39054,炫斗战轮,1,120,false,少儿
41375,斗破苍穹之大主宰 动态漫 第四季,1,120,false,动态漫
46934,列车超人,1,120,false,国创
5599,时空使徒 日文版,1,120,false,国创
40695,我和吸铁石和一个死去的朋友,1,120,false,电影
1821,蓝猫淘气3000问 运动系列,1,120,false,少儿
38351,环保剑,1,120,false,国创
25233,安菟！安菟！,1,120,false,国创
72624,猪猪侠之深海小英雄4,1,120,false,少儿
47671,阿诺德和他可爱的木偶们 英文版,1,120,false,国创
125663,新爆笑校园 第一季,1,120,false,国创
40583,冲破黑暗,1,120,false,电影
111618,开局饕餮血统，我吞噬一切 动态漫,1,120,false,动态漫
47051,元气拯救队,1,120,false,国创
26456,喂，看见耳朵啦 第二季 日语版,1,120,false,国创
72812,奇特益智工程车 第2季,1,120,false,少儿
40162,百变科小比 第一季,1,120,false,国创
72645,猪猪侠之恐龙日记 第8季,1,120,false,少儿
46910,恐龙时代 第一季,1,120,false,国创
5899,我的囧囧发小,1,120,false,国创
46924,百变布鲁可7超变恐龙出击,1,120,false,少儿
6258,棠棣血,1,120,false,国创
28667,追梦者,1,120,false,国创
127272,乐乐便利店,1,120,false,国创
5719,霹雳神州III之天罪,1,120,false,国创
47014,熊仔之正义守护,1,120,false,国创
103005,我在末世搬金砖 动态漫,1,120,false,动态漫
42916,盟卡车神之魔幻元珠,1,120,false,国创
46853,心奇爆龙战车之暴龙出击 第三季,1,120,false,少儿
5847,圣光不好惹,1,120,false,国创
102996,掌门低调点 动态漫 第三季,1,120,false,动态漫
47488,大英雄狄青,1,120,false,国创
48855,山山田田间,1,120,false,国创
39328,辉煌100年,1,120,false,国创
45097,你的快递是这么丢的,1,120,false,电影
226692,穿越兽世，神兽男仆助我成后,1,120,false,国创
72615,百变校巴14,1,120,false,少儿
47504,崂山道士,1,120,false,国创
46848,心奇爆龙之龙装战甲,1,120,false,少儿
33839,梦游敦煌,1,120,false,国创
46504,疯狂小糖 第三季,1,120,false,国创
40501,哈哈咪,1,120,false,国创
47131,地下城与勇士之破界少女,1,120,false,国创
72592,跳跳鱼世界,1,120,false,少儿
45730,小鹿蓝蓝,1,120,false,国创
46958,超能钢小侠,1,120,false,国创
45518,毛毛镇之海洋大发现,1,120,false,国创
40517,乐儿数学逻辑王,1,120,false,国创
20293,有病得治,1,120,false,国创
45128,开局一文钱 动态漫画 第1季,1,120,false,动态漫
88935,冰封末日：绝无生还之路 动态漫,1,120,false,动态漫
6053,美少女大劈叉 第三季,1,120,false,国创
100085,金蚕往事,1,120,false,国创
46480,猪猪侠之竞速小英雄4,1,120,false,少儿
44827,元尊 动态漫第四季：苍玄宗,1,120,false,动态漫
72617,百变校巴16火星大冒险,1,120,false,少儿
72622,猪猪侠之深海小英雄2,1,120,false,少儿
46792,星原小宝2神勇V5队,1,120,false,国创
5729,霹雳惊鸿之刀剑春秋,1,120,false,国创
46482,百变校巴2,1,120,false,少儿
6381,龙骑侍 普通话版,1,120,false,国创
46472,猪猪侠之超星五灵侠6,1,120,false,少儿
44315,快乐星猫 第四季,1,120,false,少儿
48105,彩虹宝宝 第五季,1,120,false,少儿
43804,虹猫蓝兔快乐儿歌,1,120,false,少儿
72955,汽车世界城市大冒险 第1季,1,120,false,国创
47772,地上城与勇士,1,120,false,国创
44316,快乐星猫 第五季,1,120,false,少儿
41281,小凉帽之魔法凉帽,1,120,false,国创
46478,猪猪侠之竞速小英雄2,1,120,false,少儿
5722,霹雳震寰宇之龙战八荒,1,120,false,国创
46932,我的好朋友左左 第二季,1,120,false,国创
5433,马拉松王子,1,120,false,国创
26568,合拍学生妹,1,120,false,国创
48280,传闻中的白月光,1,120,false,国创
44303,新大头儿子和小头爸爸 智能小当家2,1,120,false,少儿
88108,美食大冒险之火热之旅,1,120,false,国创
46483,百变校巴3,1,120,false,少儿
37909,魏晋小剧场,1,120,false,国创
40228,跳跳鱼世界成语故事,1,120,false,少儿
46492,猪猪侠之超星萌宠2,1,120,false,少儿
72644,猪猪侠之恐龙日记 第7季,1,120,false,少儿
26512,百层塔 漫动画,1,120,false,动态漫
1797,超蛙战士,1,120,false,国创
5114,疯狂时代 第二季,1,120,false,国创
123532,钢铁飞龙2 龙魂觉醒,1,120,false,少儿
44007,双甲战陀4超环战陀,1,120,false,国创
126213,我的朋友猪迪克,1,120,false,少儿
6188,寻师伏魔录 第二季,1,120,false,国创
119996,天官赐福 粤语版,1,120,false,国创
47132,地下城与勇士之破界少女 日语版,1,120,false,国创
111620,末日壁垒 动态漫,1,120,false,动态漫
5720,霹雳天启,1,120,false,国创
28756,璃心战纪,1,120,false,国创
48503,食草老龙被冠以恶龙之名 第二季 日语版,1,120,false,国创
88104,快乐星猫 第二季,1,120,false,少儿
33848,王爷你好贱 动态漫 第二季,1,120,false,动态漫
5393,狂丸战记,1,120,false,国创
46793,妙趣横生恐龙世界,1,120,false,国创
3403,正义红师 粤语版,1,120,false,国创
72811,奇特益智工程车 第1季,1,120,false,少儿
40222,天天成长记 第一季,1,120,false,国创
41374,疾风劲射 第一季 上,1,120,false,国创
40515,乐儿科学小百科,1,120,false,国创
126915,神兽金刚之超变星甲精华版,1,120,false,少儿
5212,小樱桃,1,120,false,国创
1796,太昊伏羲,1,120,false,国创
5723,霹雳震寰宇之兵甲龙痕,1,120,false,国创
44122,梦幻书院之国家安全篇,1,120,false,国创
40125,百变科小比 第二季,1,120,false,国创
38932,星兽猎人,1,120,false,国创
46497,百变校巴之超学先锋3,1,120,false,少儿
236418,火力少年王2 动画版,1,120,false,国创
80049,美猴王,1,120,false,国创
24052,大食谱,1,120,false,国创
25209,了不起的我们,1,120,false,国创
72616,百变校巴15火星大冒险,1,120,false,少儿
1802,后羿射日,1,120,false,国创
76347,枕刀歌之尘世行,1,120,false,国创
72879,恐龙时代 第三季,1,120,false,国创
25585,猫妖的诱惑 先行版,1,120,false,国创
40206,魔幻陀螺之机甲战车,1,120,false,国创
72754,托宝战士之银河侦探 第1季,1,120,false,少儿
5724,霹雳经武纪之枭皇论战,1,120,false,国创
41979,阳光咖啡厅之新友纪 上海话版,1,120,false,国创
124925,豆乐儿歌 第1季,1,120,false,少儿
72551,木头岛的故事,1,120,false,国创
74108,全职高手荣耀小剧场,1,120,false,国创
72698,火火兔学古诗,1,120,false,国创
44304,冰球旋风,1,120,false,国创
72737,托宝战士之银河侦探 第5季,1,120,false,少儿
38190,乐比悠悠之安全教育,1,120,false,少儿
40307,全糖不加冰,1,120,false,电影
48287,万渣朝凰 第三季,1,120,false,国创
5770,天才联盟,1,120,false,国创
24092,切尔诺贝利之春,1,120,false,国创
4598,诺亚动物诊所病历记录簿,1,120,false,国创
72613,百变校巴13,1,120,false,少儿
227876,叶罗丽-金鎏心,1,120,false,国创
44929,Busy Day,1,120,false,电影
42048,魔能圣甲：守护者,1,120,false,国创
88103,快乐星猫,1,120,false,少儿
44325,我的好朋友左左,1,120,false,国创
48286,万渣朝凰 第二季,1,120,false,国创
40471,宝狄与好友,1,120,false,国创
6093,《麦田故事：生活常识》,1,120,false,国创
41408,星际一游,1,120,false,国创
44224,虹猫蓝兔七侠外传 跳跳篇,1,120,false,少儿
46999,托宝战士之银河勇士战记,1,120,false,少儿
6488,黄金屋,1,120,false,国创
31895,阿狸童话故事集 第二季,1,120,false,国创
84293,我在未来有套房 第二季,1,120,false,国创
46349,超变战陀5百变战陀,1,120,false,少儿
112090,重生灰大狼，手搓核聚变震惊全球 动态漫,1,120,false,动态漫
40163,布鲁可战队人之危客对决,1,120,false,国创
38376,锋速战警,1,120,false,国创
3322,吃饭睡觉打豆豆 神经豆,1,120,false,国创
46997,托宝战士之施望的秘密,1,120,false,少儿
6405,鱼老板の日常,1,120,false,国创
44527,寻灵大冒险,1,120,false,国创
33874,风姿物语 动态漫 第二季,1,120,false,动态漫
45259,超元绝战,1,120,false,国创
43037,喵喵如此妖娆,1,120,false,国创
42977,武拳 动态漫,1,120,false,动态漫
40502,宝宝妈妈网之儿童诗系列,1,120,false,国创
103007,最强反套路系统 第二季 动态漫,1,120,false,动态漫
6396,绝行者,1,120,false,国创
5713,霹雳谜城,1,120,false,国创
46495,百变校巴之超学先锋1,1,120,false,少儿
5725,霹雳兵燹之圣魔战印,1,120,false,国创
229974,时光代理人 粤配版,1,120,false,国创
45702,巧虎奇幻舞台历险记,1,120,false,电影
6519,喵有卵用 第三季,1,120,false,国创
47001,出动吧！龙宝小英雄,1,120,false,少儿
40124,百变布鲁可 第五季,1,120,false,少儿
39805,那萨尔丁,1,120,false,国创
6172,江湖救援团-哥安寺声,1,120,false,国创
46908,小英雄雨来,1,120,false,国创
123516,皮皮鲁安全特工队,1,120,false,少儿
72876,小鸡丫丫动起来 第1季,1,120,false,少儿
45475,卡卡虎大冒险 第四季,1,120,false,国创
26569,合拍学生妹 粤语版,1,120,false,国创
103015,重生之神级败家子 动态漫,1,120,false,动态漫
111619,我有一个聚宝盆 动态漫,1,120,false,动态漫
126471,激战奇轮3,1,120,false,国创
72769,可可小爱快乐学知识,1,120,false,国创
40203,魔幻陀螺2,1,120,false,国创
72588,工程车救援行动队 第3季,1,120,false,国创
46957,篮球旋风,1,120,false,国创
45796,贝肯熊：火星任务,1,120,false,电影
38486,小康来了,1,120,false,国创
46496,百变校巴之超学先锋2,1,120,false,少儿
5717,霹雳神州,1,120,false,国创
5895,Dream Hunter-狩梦人-,1,120,false,国创
39413,守护联萌ROY6之抱抱森林的冒险,1,120,false,国创
102191,这个年纪还能当大侠吗 第二季,1,120,false,国创
5714,霹雳皇龙纪,1,120,false,国创
72738,龙宝小英雄 第2季,1,120,false,少儿
46989,百变雄师,1,120,false,国创
43991,宝狄与好友 第二季,1,120,false,国创
5886,虎多多,1,120,false,国创
44305,棉花糖和云朵妈妈 快乐生活2,1,120,false,少儿
43983,汉字侠·神奇汉字星球,1,120,false,国创
46471,猪猪侠之超星五灵侠5,1,120,false,少儿
172454,神级系统：垂死老翁逆天改命 动态漫,1,120,false,动态漫
43803,古诗词水墨动画,1,120,false,国创
1800,蓝猫龙骑团 希望家园,1,120,false,少儿
46479,猪猪侠之竞速小英雄3,1,120,false,少儿
72961,百变布鲁可8超变先锋救援,1,120,false,少儿
359,不可能恋爱,1,120,false,国创
48106,彩虹宝宝 第六季,1,120,false,少儿
1804,蔬果王国历险记,1,120,false,国创
46770,孔小西和哈基姆,1,120,false,国创
5718,霹雳神州II之苍玄泣,1,120,false,国创
39912,玉玺传奇,1,120,false,国创
46996,托宝战士之热血再燃,1,120,false,少儿
6016,美少女大劈叉 第一季,1,120,false,国创
39846,黄金梦,1,120,false,电影
39049,神奇历险记,1,120,false,国创
47499,三个和尚,1,120,false,国创
44942,寻灵大冒险 第三季,1,120,false,国创
38426,肥猫正传,1,120,false,国创
38352,时空龙骑士,1,120,false,国创
25297,大食谱  第二季,1,120,false,国创
72587,工程车救援行动队 第2季,1,120,false,国创
103006,我真的不想当第一 动态漫,1,120,false,动态漫
2644,混沌白书,1,120,false,国创
40164,布鲁可战之源星石守卫,1,120,false,国创
40527,小鼠和大象的创意,1,120,false,国创
40224,天天成长记 第二季,1,120,false,国创
88126,火力少年王 动画版,1,120,false,国创
40514,恐龙星球,1,120,false,国创
38936,星兽猎人2,1,120,false,国创
43792,时空智多星,1,120,false,国创
46470,猪猪侠之超星五灵侠4,1,120,false,少儿
39466,红色江山之黃麻烽火,1,120,false,国创
124928,恐龙时代 第4季 小三角龙冒险,1,120,false,国创
47049,爸爸去哪儿,1,120,false,国创
72663,核晶少年 第1季,1,120,false,国创
5727,霹雳战元史之天竞鏖锋,1,120,false,国创
72727,恐龙时代 第二季,1,120,false,国创
124580,百变马丁 第1季,1,120,false,少儿
46581,风雪山神庙,1,120,false,电影
44941,寻灵大冒险 第二季,1,120,false,国创
72753,奇趣特工队 第2季,1,120,false,国创
40204,魔幻陀螺5,1,120,false,国创
88107,雷速登之翼飞冲天,1,120,false,国创
5728,霹雳战元史之动机风云,1,120,false,国创
24721,超女娃娃,1,120,false,国创
48291,守龙者,1,120,false,电影
5726,霹雳兵燹之问鼎天下,1,120,false,国创
44298,棉花糖和云朵妈妈 快乐生活,1,120,false,少儿
48526,FLUFFY LAND 动态漫,1,120,false,动态漫
72661,疯狂小糖 第五季,1,120,false,国创
46963,阿优之神奇萝卜 第三季,1,120,false,国创
5936,茅屋爷爷讲故事,1,120,false,国创
102022,大象无形 动态漫,1,120,false,动态漫
41283,小凉帽3之白豚湾奇遇,1,120,false,国创
48537,神奇马戏团之动物饼干,1,120,false,电影
46888,不一样的语文故事,1,120,false,国创
43931,梦想总动员,1,120,false,国创
43798,变形联盟之越空勇者,1,120,false,国创
88988,真理面具 动态漫 重制版,1,120,false,动态漫
46949,小济公,1,120,false,国创
236309,雷速登闪电冲线2,1,120,false,国创
145622,满级悟性，从剑阁守剑开始 动态漫,1,120,false,动态漫
41102,三三的冰雪世界,1,120,false,国创
38322,聪明宠物蛋,1,120,false,国创
39320,淘气包马小跳,1,120,false,电影
43974,主公在哪,1,120,false,国创
72648,百变校巴英文儿歌 第2季,1,120,false,少儿
99791,新大头儿子和小头爸爸 智能小当家,1,120,false,少儿
24495,天才玩偶 日语版,1,120,false,国创
34387,熊猫手札,1,120,false,国创
38134,十二生肖之五福外传,1,120,false,国创
2984,闯闯闯！我是闯堂兔！,1,120,false,国创
72736,托宝战士之银河侦探 第4季,1,120,false,少儿
103000,从不出手的我混成了天榜大佬·动态漫,1,120,false,动态漫
47778,没头脑和不高兴,1,120,false,国创
72625,猪猪侠之拼装特工队,1,120,false,少儿
126417,百变布鲁可 第3季,1,120,false,少儿
40225,天天成长记 第三季,1,120,false,国创
39808,猪八戒吃西瓜,1,120,false,电影
46469,猪猪侠之超星五灵侠3,1,120,false,少儿
6091,《麦田故事：国学礼仪》,1,120,false,国创
172431,躺平修仙，道侣修炼我变强 动态漫,1,120,false,动态漫
44235,捣蛋狗与机灵猫,1,120,false,国创
44242,中华廉政文化故事,1,120,false,国创
47002,龙宝小英雄之龙宝历险记,1,120,false,少儿
33849,LALALACOCO,1,120,false,国创
38892,炫斗小Q,1,120,false,国创
72666,核晶少年 第3季,1,120,false,国创
25807,暮光plus,1,120,false,国创
2523,自古英雄出少年,1,120,false,国创
44912,卡卡虎大冒险 第三季,1,120,false,国创
40226,天天成长记 第四季,1,120,false,国创
44229,蔬菜不寂寞 第27季,1,120,false,少儿
5934,寻找克洛托,1,120,false,国创
124948,新大头儿子和小头爸爸 带你看中国 第1季,1,120,false,少儿
38689,LALALACOCO 粤语版,1,120,false,国创
38173,乐比悠悠1,1,120,false,少儿
47497,雪孩子,1,120,false,国创
46993,托宝战士之银河大激斗,1,120,false,少儿
126401,橙皮兔超级救援队,1,120,false,国创
39810,三毛流浪记,1,120,false,电影
127148,果果别动队,1,120,false,国创
25010,暮光下午茶,1,120,false,国创
46994,托宝战士之银河保卫战,1,120,false,少儿
39742,三十六个字,1,120,false,电影
5716,霹雳开疆纪,1,120,false,国创
38897,天上掉下个猪八戒之福星八戒,1,120,false,国创
72668,核晶少年 第4季,1,120,false,国创
38377,锋速战警 3D,1,120,false,国创
88987,反派初始化 动态漫,1,120,false,动态漫
48159,阿诺德和他可爱的木偶们 日文版,1,120,false,国创
46912,汽车星球,1,120,false,国创
123445,猪猪侠之超星五灵侠8,1,120,false,少儿
100171,天命出马仙 动态漫,1,120,false,动态漫
38929,三三的生活果然有问题,1,120,false,国创
39713,重器2069,1,120,false,国创
72626,猪猪侠之环球日记,1,120,false,少儿
45033,盟卡车神之魔幻元珠 第二季,1,120,false,国创
119019,仙剑奇侠传四,1,120,false,国创
44356,神兽金刚之邦宝历险记2,1,120,false,少儿
41263,小车神,1,120,false,国创
43932,少年苏东坡传奇,1,120,false,国创
46506,百变校巴之太空日记2,1,120,false,少儿
43335,心奇爆龙战车之龙装战甲 精华篇,1,120,false,少儿
96212,盟卡车神之龙兽觉醒 第二季,1,120,false,国创
45618,奇奇和努娜2,1,120,false,国创
47657,虚无边境 粤语版,1,120,false,国创
46828,反转泡蛋,1,120,false,国创
47000,龙宝小英雄 第一季 英文版,1,120,false,少儿
47008,积高侠与阿里巴巴,1,120,false,国创
46879,安全小卫士,1,120,false,国创
68634,虹猫蓝兔七侠传 粤语版,1,120,false,少儿
125974,熊仔之寻绿战纪,1,120,false,国创
46468,猪猪侠之超星五灵侠2,1,120,false,少儿
124447,三星堆荣耀觉醒,1,120,false,国创
44486,卡卡虎大冒险 第二季,1,120,false,国创
102893,我真不是大反派啊 动态漫,1,120,false,动态漫
72664,核晶少年 第2季,1,120,false,国创
47010,新编蓝猫淘气三千问,1,120,false,少儿
38429,小猪班纳,1,120,false,国创
72733,奇趣特工队之超时空奇兵 第4季,1,120,false,国创
72927,转战之超旋斗士,1,120,false,国创
127149,幸运救援队,1,120,false,国创
44406,快乐牛牛,1,120,false,国创
126979,请吃红小豆吧！新年快乐,1,120,false,国创
46995,托宝战士之顶峰对决,1,120,false,少儿
47979,新大头儿子和小头爸爸6：迷你大冒险,1,120,false,电影
126200,翻开这一页 第1季,1,120,false,国创
44930,动画人的焦虑日常,1,120,false,电影
38266,童话动物园,1,120,false,国创
126418,百变布鲁可 第4季,1,120,false,少儿
99897,福娃,1,120,false,国创
125973,熊仔之菲熊不可,1,120,false,国创
40478,火焰战士,1,120,false,国创
75628,聪明的阿凡提,1,120,false,国创
124460,中华美德故事,1,120,false,国创
44416,金色童年亲子动画绘本,1,120,false,国创
72720,动车侠未来高铁城,1,120,false,国创
44238,亿奇惊喜猜拆乐之梦奇小魔仙,1,120,false,国创
38698,霹雳惊鸿之刀剑春秋（普通话）,1,120,false,国创
3074,拖拉机司机,1,120,false,国创
40304,荆棘鸟,1,120,false,电影
5896,发发和大魔王,1,120,false,国创
29030,霹雳侠峰（普通话）,1,120,false,国创
46955,丝路传奇大海图,1,120,false,国创
44320,趣说经典之成语故事 第一季,1,120,false,国创
39381,巧虎魔法岛历险记,1,120,false,电影
72660,疯狂小糖 第四季,1,120,false,国创
46981,钟南山的故事,1,120,false,国创
38193,乐比悠悠教育系列之快乐成长3D版,1,120,false,少儿
24744,霹雳惊涛（闽南语）,1,120,false,国创
92534,虹猫蓝兔七侠传 英文版,1,120,false,少儿
26021,霹雳魔封（普通话）,1,120,false,国创
40479,杰米熊之魔幻马戏团,1,120,false,少儿
118961,火凤燎原 第三季,1,120,false,国创
39629,斗神姬 日语版,1,120,false,国创
46889,不一样的科学故事,1,120,false,国创
6380,龙骑侍 粤语版,1,120,false,国创
38303,马克思说经济危机,1,120,false,国创
72902,孔子归来,1,120,false,国创
38176,乐比悠悠教育系列1,1,120,false,少儿
22626,霹雳天命之战祸邪神Ⅱ破邪传（闽南语）,1,120,false,国创
41117,宴,1,120,false,电影
46964,科普中国之阿优学科学,1,120,false,国创
38365,魔幻仙踪,1,120,false,国创
72670,百变校巴成语故事,1,120,false,少儿
44451,我真的没用咩？日语版,1,120,false,国创
46881,小强与旺财,1,120,false,国创
40475,火星娃勇闯魔晶岛,1,120,false,少儿
72755,托宝战士之银河侦探 第2季,1,120,false,少儿
39906,谢谢小花猫,1,120,false,电影
109031,钢炽之芯,1,120,false,国创
104979,鲲吞天下之掌门归来 日语版,1,120,false,国创
72711,年的味道,1,120,false,国创
5715,霹雳皇朝之铡龑史,1,120,false,国创
29029,霹雳侠峰（闽南语）,1,120,false,国创
236294,雷速登闪电冲线,1,120,false,国创
72752,奇趣特工队,1,120,false,国创
41864,包子和小米粥 第一季,1,120,false,国创
119018,我在废土世界扫垃圾,1,120,false,国创
39061,梦舟少年志第四季 西汉公主,1,120,false,国创
48533,盟卡车神之龙兽觉醒,1,120,false,国创
5170,郑成功,1,120,false,国创
38860,星火传承,1,120,false,国创
38646,小小世界历险记,1,120,false,国创
46507,猪猪侠之益智课堂5,1,120,false,少儿
43975,主公在哪 第二季,1,120,false,国创
43775,中国历史文化名人,1,120,false,国创
126314,钢甲小龙侠,1,120,false,国创
123545,龙宝小英雄,1,120,false,少儿
5443,襄阳萌物语,1,120,false,国创
46967,阿优之神奇幻镜,1,120,false,国创
40698,渔王,1,120,false,电影
126981,木奇灵 第2季,1,120,false,国创
38514,天才发明家,1,120,false,国创
123519,皮皮鲁安全特工队 第三季,1,120,false,少儿
125144,帮帮龙出动,1,120,false,少儿
38488,小鹰晋级,1,120,false,国创
40505,小猫威力,1,120,false,国创
72938,我是发明家 第1季,1,120,false,国创
113970,斩月 动态漫,1,120,false,动态漫
4856,环保特勤组,1,120,false,国创
39789,聪明的鸭子,1,120,false,电影
72647,百变校巴英文儿歌 第1季,1,120,false,少儿
123547,托宝战士之银河侦探 第6季,1,120,false,少儿
73957,记忆管理局,1,120,false,国创
102995,掌门低调点 动态漫 第二季,1,120,false,动态漫
126201,心奇爆龙战车之驯龙斗士,1,120,false,少儿
73962,难哄,1,120,false,国创
47722,超变战陀之百变战陀2,1,120,false,少儿
38425,乐乐来了,1,120,false,国创
112224,父与子3D版,1,120,false,国创
99792,心奇爆龙战车之恐龙帮帮忙,1,120,false,少儿
38594,下姜村的绿水青山梦,1,120,false,国创
46969,阿优学科学 第二季,1,120,false,国创
47261,四季童年,1,120,false,电影
103016,这个大佬画风不对 动态漫,1,120,false,动态漫
38326,山猫和吉咪之全家乐,1,120,false,国创
46856,魔法学院 第六季,1,120,false,国创
48245,爆炫星陀,1,120,false,国创
28651,可爱的中国,1,120,false,国创
6092,《麦田故事：科学探索》,1,120,false,国创
46501,逗逗迪迪爱唱歌 第3季,1,120,false,国创
40167,草精灵,1,120,false,国创
72586,工程车救援行动队 第1季,1,120,false,国创
46961,阿优之神奇萝卜 第二季,1,120,false,国创
39759,鹬蚌相争,1,120,false,电影
6044,三国果果,1,120,false,国创
46724,跳跳鱼世界 第七季,1,120,false,少儿
43805,中华弟子规前传,1,120,false,国创
38131,十二生肖之天下属兔,1,120,false,国创
72730,奇趣特工队之超时空奇兵 第1季,1,120,false,国创
48671,星星班长,1,120,false,国创
4321,野生动物宝宝 第一季,1,120,false,国创
46703,盟卡车神之魔幻元珠 第三季,1,120,false,国创
124490,泡泡美人鱼 第1季,1,120,false,国创
38117,十二生肖之龙行天下,1,120,false,国创
5904,鹅毛笔,1,120,false,国创
72765,荒岛历险记之罗克和编程猫,1,120,false,国创
3320,白想这么多,1,120,false,国创
39811,差不多,1,120,false,电影
46982,魔能圣甲,1,120,false,国创
46965,阿优之兔智来了,1,120,false,国创
2526,白鸽岛,1,120,false,国创
46505,百变校巴之太空日记1,1,120,false,少儿
46753,英语俱乐部,1,120,false,国创
44321,趣说经典之成语故事 第二季,1,120,false,国创
46966,三只兔子,1,120,false,国创
26020,霹雳魔封（闽南语）,1,120,false,国创
124588,指令宝贝,1,120,false,国创
39658,红荒 第二季,1,120,false,国创
44269,中华上下五千年之成语故事篇 第一季,1,120,false,国创
42425,守神,1,120,false,电影
47005,爱精灵乐吉儿,1,120,false,国创
38174,乐比悠悠2,1,120,false,少儿
40233,猪迪克之梦想训练营,1,120,false,少儿
33518,大鸾——周恩来童年读书的故事,1,120,false,国创
103003,神豪之天降系统 动态漫,1,120,false,动态漫
39932,采蘑菇,1,120,false,电影
39845,一条丝腰带,1,120,false,电影
6017,美少女大劈叉 第二季,1,120,false,国创
25467,霹雳天命之仙魔鏖锋Ⅱ斩魔录（普通话）,1,120,false,国创
4322,野生动物宝宝 第二季,1,120,false,国创
44324,小小画家熊小米,1,120,false,国创
123518,皮皮鲁安全特工队 第二季,1,120,false,少儿
88110,《纸张王国》动画儿歌,1,120,false,少儿
25463,霹雳惊涛（普通话）,1,120,false,国创
102999,从零开始当首富 动态漫,1,120,false,动态漫
38319,今天·明天,1,120,false,电影
123512,百变校巴之奇妙大自然4,1,120,false,少儿
38179,乐比悠悠3D版,1,120,false,少儿
88092,孔子,1,120,false,国创
5760,特别车队,1,120,false,国创
35204,扳手少年,1,120,false,国创
40192,跳跃战士2,1,120,false,国创
46991,百变雄师 第三季,1,120,false,国创
38536,蓝巨星与绿豆鲨,1,120,false,国创
39904,牧笛,1,120,false,电影
43801,虹猫蓝兔开心智趣园,1,120,false,少儿
39807,神笔,1,120,false,电影
40191,跳跃战士,1,120,false,国创
72585,奇特工程车 第2季,1,120,false,国创
126416,百变布鲁可 第2季,1,120,false,少儿
40369,机智的山羊,1,120,false,电影
39741,山水情,1,120,false,电影
47037,八仙过海,1,120,false,国创
39052,蔬果小镇,1,120,false,国创
39969,成长这东西,1,120,false,国创
46950,故事奶奶,1,120,false,国创
38175,乐比悠悠3,1,120,false,少儿
40179,大吉成长记,1,120,false,少儿
72722,银河封神纪 第1季,1,120,false,国创
40803,三字经里的故事,1,120,false,国创
46871,小猫汤米 第一季,1,120,false,国创
46897,天眼归来之魔法一家,1,120,false,国创
38153,笑林功夫,1,120,false,国创
46923,百变布鲁可之欢乐小镇,1,120,false,少儿
46829,阿木狗和丁丁猫,1,120,false,国创
102829,最强弃少 动态漫,1,120,false,动态漫
46847,金色童年亲子动画绘本之老树新丫,1,120,false,国创
39820,小燕子,1,120,false,电影
72678,乐儿智慧乐园 幼儿启蒙,1,120,false,国创
46872,小猫汤米 第二季,1,120,false,国创
46465,钢铁飞龙4捕梦奇兵,1,120,false,少儿
6023,霹雳天命之仙魔鏖锋Ⅱ斩魔录（闽南语）,1,120,false,国创
47723,超变兽车侠,1,120,false,国创
39918,派乐奇童,1,120,false,国创
72731,奇趣特工队之超时空奇兵 第2季,1,120,false,国创
123444,猪猪侠之超星五灵侠7,1,120,false,少儿
126389,进击的机甲之圣戒飞陀,1,120,false,国创
46990,百变雄师 第二季,1,120,false,国创
40094,大侠山猫和吉咪 第一季,1,120,false,国创
46860,变形联盟之超限突破,1,120,false,国创
47501,人参果,1,120,false,国创
72704,马年新愿,1,120,false,国创
72735,托宝战士之银河侦探 第3季,1,120,false,少儿
121468,开局签到至尊丹田 动态漫,1,120,false,动态漫
206639,仙子，你有大凶之兆 动态漫,1,120,false,动态漫
99799,魔法学院 第三季,1,120,false,国创
28650,冰雪冬奥村,1,120,false,国创
6088,《麦田故事：节日》,1,120,false,国创
47508,曹冲称象,1,120,false,国创
124420,熊仔之雄心壮志,1,120,false,国创
72584,奇特工程车 第1季,1,120,false,国创
48672,星星班长 第二季,1,120,false,国创
39843,小溪流,1,120,false,电影
5202,喵星人,1,120,false,国创
39740,眉间尺,1,120,false,电影
124582,百变马丁 第3季,1,120,false,少儿
38182,十二生肖之羊羊得意,1,120,false,国创
44332,土豆来了,1,120,false,国创
149530,玄幻：家人背叛，我选择成为邪神 动态漫,1,120,false,动态漫
38427,肥猫瘦狗精灵鼠,1,120,false,国创
46878,中华美德 成语教育动画,1,120,false,国创
47487,猩猩探长,1,120,false,国创
39071,狮猫参学记之弟子规的故事,1,120,false,国创
40476,火星娃益智煲,1,120,false,少儿
72895,诸葛亮之定军山,1,120,false,国创
46786,龟兔赛跑后传,1,120,false,国创
38148,老鼠笔记之深海探险,1,120,false,国创
47486,牛牛和西西,1,120,false,国创
32364,在那遥远的地方,1,120,false,国创
154919,飓风战魂之旋力启源 第7季,1,120,false,国创
46861,变形联盟之勇士崛起,1,120,false,国创
47969,一,1,120,false,电影
39917,中国男孩,1,120,false,国创
46857,节气小精灵,1,120,false,国创
124477,新西游历险记 第2季,1,120,false,国创
44410,九羊村的故事,1,120,false,国创
39939,长发妹,1,120,false,电影
124476,新西游历险记 第一季,1,120,false,国创
72674,猪猪侠恐龙爆笑研究所,1,120,false,少儿
43979,东方可儿之摩登学园,1,120,false,国创
38364,魔幻仙踪Ⅰ 3D,1,120,false,国创
44270,中华上下五千年之成语故事篇 第二季,1,120,false,国创
123461,百变校巴17,1,120,false,少儿
39771,小八路,1,120,false,电影
44289,少年师爷之勇者闯江南,1,120,false,国创
46503,逗逗迪迪之美梦精灵2,1,120,false,国创
72732,奇趣特工队之超时空奇兵 第3季,1,120,false,国创
40092,大侠山猫和吉咪 第二季,1,120,false,国创
46939,乐儿科普动漫 第三季,1,120,false,国创
46911,巨龙山谷,1,120,false,国创
38145,乐比悠悠之动物自然,1,120,false,少儿
47188,变形联盟之雷霆再起,1,120,false,国创
44299,新大头儿子和小头爸爸褔鼠送吉,1,120,false,少儿
126415,百变布鲁可 第1季,1,120,false,少儿
47507,善良的夏吾冬,1,120,false,国创
44240,每夜一故事,1,120,false,国创
46988,奇趣特工队之正义守卫者,1,120,false,国创
48500,时光的画笔,1,120,false,国创
38327,山猫和吉咪之嘉年华,1,120,false,国创
72652,你好！卟卟5,1,120,false,国创
44267,小小画家熊小米之二十四节气,1,120,false,国创
126152,爆速合体,1,120,false,国创
45397,日出原理,1,120,false,电影
28913,麒麟先生,1,120,false,国创
43934,蹴鞠小子,1,120,false,国创
46827,云奇飞行日记,1,120,false,国创
39919,金色的海螺,1,120,false,电影
38132,十二生肖之马上就好,1,120,false,国创
102998,道君 动态漫,1,120,false,动态漫
47512,假如我是武松,1,120,false,国创
46776,快乐的小熊尼尼 第二季,1,120,false,国创
44294,熊猫和奇异鸟,1,120,false,国创
46970,三只兔子 第二季,1,120,false,国创
44357,神兽金刚之超变星甲2,1,120,false,少儿
5176,小兔侠之功夫学校第二季,1,120,false,国创
47506,抬驴,1,120,false,国创
1803,拯救侏罗纪,1,120,false,国创
47493,熊猫百货商店,1,120,false,国创
92535,虹猫蓝兔海底历险记 英文版,1,120,false,少儿
43988,少年苏东坡,1,120,false,国创
46971,阿优的烦恼,1,120,false,国创
28043,领风者 动态漫,1,120,false,动态漫
39083,曲苑荟萃,1,120,false,国创
47516,乌鸦为什么是黑的,1,120,false,国创
38177,乐比悠悠教育系列3,1,120,false,少儿
46754,宝宝爱学习,1,120,false,国创
47489,皮皮的故事,1,120,false,国创
44337,跳跳鱼世界 第三季,1,120,false,少儿
38430,小猪班纳2,1,120,false,国创
46864,旗旗号巡洋舰 第二季,1,120,false,国创
47498,张飞审瓜,1,120,false,国创
47495,好猫咪咪,1,120,false,国创
102892,重生都市天尊 动态漫,1,120,false,动态漫
47485,应该靠自己,1,120,false,国创
46499,逗逗迪迪爱唱歌 第1季,1,120,false,国创
46723,跳跳鱼世界 第六季,1,120,false,少儿
47509,小熊猫学木匠,1,120,false,国创
47659,魔鬼芯片,1,120,false,国创
40800,榜样发现团,1,120,false,国创
38431,小猪班纳3,1,120,false,国创
124586,百变马丁 第7季,1,120,false,少儿
43981,翻开这一页 第4季,1,120,false,国创
27058,万里雪歌,1,120,false,国创
44301,新大头儿子和小头爸爸“牛”转钱乾坤,1,120,false,少儿
40232,猪迪克之古怪岛大冒险,1,120,false,少儿
5438,小樱桃 第二季,1,120,false,国创
44268,小智慧国学课堂之中华名人故事 第二季,1,120,false,国创
124491,泡泡美人鱼 第2季,1,120,false,国创
44327,跳跳鱼世界 第5季,1,120,false,少儿
46831,中华上下五千年之民间故事传说,1,120,false,国创
72724,魔方战士 第1季,1,120,false,国创
43941,编码学院,1,120,false,国创
124960,棉花糖和云朵妈妈 爱的点心盒子,1,120,false,少儿
25481,霹雳天命之战祸邪神Ⅱ破邪传（普通话）,1,120,false,国创
46968,阿优之兔智来了 第二季,1,120,false,国创
126153,快乐集结号,1,120,false,国创
123509,百变校巴之奇妙大自然 第1季,1,120,false,少儿
39053,耿村民间故事,1,120,false,国创
44334,摩登大自然 第一季,1,120,false,国创
47511,狼来了,1,120,false,国创
38503,我要回家,1,120,false,国创
72572,小小的世界,1,120,false,国创
126986,木奇灵 第3季,1,120,false,国创
47613,家有开心果,1,120,false,国创
5175,小兔侠之功夫学校,1,120,false,国创
46773,中华上下五千年之名人故事篇 第一季,1,120,false,国创
43365,临渊行,1,120,false,国创
43795,萝卜兔土豆2,1,120,false,国创
124581,百变马丁 第2季,1,120,false,少儿
44914,大话江湖录 第二季,1,120,false,国创
40473,欢乐鸡,1,120,false,国创
46938,乐儿成语故事,1,120,false,国创
47514,小蛋壳,1,120,false,国创
32526,铁扇公主,1,120,false,电影
38480,武当虹少年,1,120,false,国创
46863,旗旗号巡洋舰 第一季,1,120,false,国创
43796,萝卜兔土豆3,1,120,false,国创
46891,乐比悠悠学成语,1,120,false,少儿
46940,超甲虫战记·无限曙光,1,120,false,国创
40169,超甲虫战记·圣域传,1,120,false,国创
123259,马头琴――内蒙古民间故事,1,120,false,国创
44262,诗歌里的故事,1,120,false,国创
38307,书架上的奇妙世界第二部,1,120,false,国创
46840,哈哈熊童话世界之奇妙画室,1,120,false,国创
45521,狐狸列那,1,120,false,电影
47651,钟点父子,1,120,false,国创
126267,三只松鼠,1,120,false,国创
38301,童话梦工厂,1,120,false,国创
72681,阿U学英语,1,120,false,国创
44322,我们的朋友熊小米,1,120,false,国创
44407,喜多多与乖宝宝,1,120,false,国创
47491,没牙的老虎,1,120,false,国创
47652,白玉堂,1,120,false,国创
46962,阿优之梦想系列,1,120,false,国创
45392,明日恐惧症,1,120,false,电影
38187,酷酷小吉正传之钩钩岛第三部,1,120,false,国创
72950,新大头儿子和小头爸爸传奇兜兜,1,120,false,少儿
124929,汽车星球 第3季,1,120,false,国创
46846,金色童年亲子动画绘本之豆豆成长记,1,120,false,国创
38178,乐比悠悠教育系列4,1,120,false,少儿
72710,新大头儿子和小头爸爸之超能爸爸,1,120,false,少儿
41315,偷猎者,1,120,false,电影
107932,疾风劲射 第一季 下,1,120,false,国创
47538,小鸡彩虹 第八季,1,120,false,国创
46880,安全小卫士 第二季,1,120,false,国创
39841,26个秘密 ,1,120,false,国创
72888,汽车星球 第2季,1,120,false,国创
38342,丘比特大闹十二星座,1,120,false,国创
42502,大有,1,120,false,电影
46896,天眼归来之幸福配方,1,120,false,国创
46983,动车侠之城市守卫者,1,120,false,国创
38978,小蜜蜂 第二季,1,120,false,少儿
42421,出大事啦,1,120,false,电影
72547,桃花夫人,1,120,false,国创
41278,一天,1,120,false,电影
47003,龙宝小英雄之精彩历险,1,120,false,少儿
47484,快乐家家车,1,120,false,国创
46500,逗逗迪迪爱唱歌 第2季,1,120,false,国创
228599,宇宙护卫队：百变流星,1,120,false,电影
47505,猴子捞月,1,120,false,国创
38325,英雄故事会,1,120,false,国创
35777,半夜鸡叫,1,120,false,电影
124961,新大头儿子和小头爸爸 带你看中国 第2季,1,120,false,少儿
39933,好朋友,1,120,false,电影
46838,宝宝乐学堂之嘻哈冒险岛 第二季,1,120,false,少儿
47503,真假李逵,1,120,false,国创
40096,开心一刻,1,120,false,国创
38700,霹雳兵烽决,1,120,false,国创
47612,红孩儿传奇,1,120,false,国创
38482,武当虹少年2,1,120,false,国创
72709,新大头儿子和小头爸爸之草原奇遇,1,120,false,少儿
44409,旺旺成长记,1,120,false,国创
45991,天界代购店 动态漫,1,120,false,动态漫
43969,山猫和吉咪之一家亲,1,120,false,国创
126313,碳基生物进化指南：最强蜗牛独眼篇,1,120,false,国创
46837,安全礼仪早知道,1,120,false,国创
40488,宇宙钥匙,1,120,false,国创
31146,小凉帽之白鹭归来,1,120,false,国创
149526,硬核僵爹：我家闺女是女帝 动态漫,1,120,false,动态漫
44239,越剧：梁山伯与祝英台,1,120,false,国创
44254,幸福岛的小伙伴,1,120,false,国创
123266,民间寓言小故事,1,120,false,国创
39770,红领巾,1,120,false,电影
124583,百变马丁 第4季,1,120,false,少儿
72764,东南特卫队,1,120,false,国创
124425,小王子与土豆仔,1,120,false,国创
44225,蛋计划之龙兽星球,1,120,false,国创
45538,西岳奇童,1,120,false,电影
72649,百变校巴成长绘本,1,120,false,少儿
72903,孔子见老子,1,120,false,国创
43982,爆射盾甲,1,120,false,国创
46658,绿毛怪格林奇,1,120,false,电影
48594,小小知道之恐龙世界大冒险,1,120,false,国创
22809,深夜渔堂,1,120,false,国创
41624,摩登森林之美食总动员,1,120,false,电影
102867,都市阴阳仙医 动态漫,1,120,false,动态漫
46502,逗逗迪迪之美梦精灵1,1,120,false,国创
46836,心奇爆龙战车之永宝帮帮忙,1,120,false,少儿
28376,霹雳靖玄录下阕（普通话）,1,120,false,国创
109668,FLUFFY LAND 北大陆篇 动态漫,1,120,false,动态漫
44287,少年师爷之公祭大禹,1,120,false,国创
47662,超级球迷,1,120,false,国创
39081,开心艺苑,1,120,false,超长篇
149520,死灵法师：我！无限军团横推万物 动态漫,1,120,false,动态漫
40487,土豆多励之一梦一路第二季,1,120,false,国创
44119,灵感大冒险 第一季： 灵感来啦,1,120,false,国创
40799,榜样,1,120,false,国创
46845,金色童年亲子动画绘本之卷卷成长记,1,120,false,国创
44120,灵感大冒险 第二季：小小发明王,1,120,false,国创
43360,完美至尊,1,120,false,国创
38489,巷食传说,1,120,false,国创
72928,魔法可可,1,120,false,国创
47494,愚人买鞋,1,120,false,国创
124584,百变马丁 第5季,1,120,false,少儿
72773,数学魔法 第2季,1,120,false,国创
236327,梁家妇女,1,120,false,国创
108510,海贝贝,1,120,false,国创
88097,神探威威猫 第2季,1,120,false,国创
38136,老鼠笔记之探秘城市,1,120,false,国创
40097,快乐嘟嘟,1,120,false,国创
47650,小和尚,1,120,false,国创
40486,童声童气看世界,1,120,false,国创
47515,东郭先生,1,120,false,国创
43995,少年师爷之祭禹盛典,1,120,false,国创
47649,小草帽,1,120,false,国创
47482,大盗贼,1,120,false,国创
38185,酷酷小吉正传之钩钩岛第一部,1,120,false,国创
44247,中华成语故事 智慧篇,1,120,false,国创
27924,霹雳靖玄录（普通话）,1,120,false,国创
126425,翻开这一页 第2季,1,120,false,国创
45473,屈原,1,120,false,国创
149529,穿越洪荒：开局满级振兴神剑宗 动态漫,1,120,false,动态漫
47502,南郭先生,1,120,false,国创
38267,中华历史文化名人,1,120,false,国创
46972,阿优的烦恼 第二季,1,120,false,国创
43980,东方可儿之摩登学园2,1,120,false,国创
46742,小凉帽4之山海奇境,1,120,false,国创
44072,茶婆婆渔婆婆蚕婆婆,1,120,false,国创
46843,神奇智慧岛,1,120,false,国创
38195,乐比悠悠157-208,1,120,false,少儿
40180,大吉成长记 第二部,1,120,false,少儿
43372,洪荒志之青丘劫云,1,120,false,国创
46915,少年师爷之唐诗小神童,1,120,false,国创
72813,乐比悠悠之天天向上,1,120,false,少儿
38154,笑林大霹雳,1,120,false,国创
42339,宠物乐园,1,120,false,电影
43926,歪歪兔行为习惯系列动画片,1,120,false,国创
47537,林海雪原,1,120,false,国创
124450,小童猫之喵星来客,1,120,false,国创
43919,星际小蚂蚁,1,120,false,国创
46951,蚂蚁公主 第二季,1,120,false,国创
47665,百变宝贝,1,120,false,国创
72767,小蜜蜂,1,120,false,少儿
125172,蓝猫健康特攻队,1,120,false,少儿
38543,蓝巨星与绿豆鲨 第三季,1,120,false,国创
44291,少年师爷之智慧丝路,1,120,false,国创
72922,星原小宝之奇妙探索,1,120,false,国创
46913,少年师爷之阳明传奇,1,120,false,国创
47483,怪老头儿,1,120,false,国创
102894,最强神王 动态漫,1,120,false,动态漫
47394,奶泡泡学成语 第一季,1,120,false,国创
46979,科学家故事：呦呦有蒿,1,120,false,国创
124585,百变马丁 第6季,1,120,false,少儿
44424,大明王朝 第八季,1,120,false,国创
44295,熊猫和小跳羚,1,120,false,国创
44307,故事奶奶 第二季,1,120,false,国创
47661,西游漫记,1,120,false,国创
44323,我们的朋友熊小米(英文版）,1,120,false,国创
39051,星系宝贝,1,120,false,国创
46948,我的小小美猴王,1,120,false,国创
44302,棉花糖和云朵妈妈“牛”转乾坤,1,120,false,少儿
46844,金色童年亲子动画绘本之我爱我家,1,120,false,国创
123526,跳跳鱼世界儿歌 第1季,1,120,false,少儿
45963,九鼎记,1,120,false,国创
44293,熊猫和卢塔,1,120,false,国创
47539,小鸡彩虹 第七季,1,120,false,国创
44288,少年师爷之忠义满乾坤,1,120,false,国创
72656,你好！卟卟6,1,120,false,国创
44245,中华成语故事 励志篇,1,120,false,国创
123496,百变校巴儿歌1,1,120,false,少儿
44306,星星梦 第三季,1,120,false,国创
100574,潜艇总动员：冒险岛,1,120,false,电影
72926,山海宝贝 第2季,1,120,false,国创
39802,山羊和狼,1,120,false,电影
39916,玉骐麟之仙灵奇域,1,120,false,国创
48527,FLUFFY LAND 动态漫 英语版,1,120,false,动态漫
46743,语文趣世界,1,120,false,国创
36136,孔雀公主,1,120,false,电影
39840,小老虎邦邦,1,120,false,国创
44413,百吉学堂之三字经,1,120,false,国创
46980,天眼之父南仁东,1,120,false,国创
118963,胶囊计划 奇迹,1,120,false,国创
41189,Evelyn,1,120,false,电影
48675,皮皮鲁和鲁西西之309暗室,1,120,false,电影
44326,跳跳鱼世界故事会 第2季,1,120,false,少儿
72915,超元绝战之传说卡,1,120,false,国创
6089,《麦田故事：历史》,1,120,false,国创
39801,怕羞的黄莺,1,120,false,电影
123525,开心超人联盟之健康小卫士,1,120,false,少儿
72791,多多趣味识字课堂 第1季,1,120,false,少儿
47492,画廊一夜,1,120,false,国创
39829,大名府,1,120,false,电影
46778,西游超级粉,1,120,false,国创
47945,龙门,1,120,false,电影
40181,大吉成长记 第三部,1,120,false,少儿
46791,云奇飞行日记 第三季,1,120,false,国创
44250,巧手鲁班 第一季,1,120,false,国创
32534,渔童,1,120,false,电影
46954,熊猫和开心球,1,120,false,国创
39321,天朝小吃二三事,1,120,false,国创
38149,孟姜女,1,120,false,国创
48501,成语中国 第一季,1,120,false,国创
46738,那萨尔丁东游记,1,120,false,国创
44335,快乐的小熊尼尼,1,120,false,国创
149528,网游：从野怪进化成最强反派 动态漫,1,120,false,动态漫
46886,贾老爷开店,1,120,false,国创
44376,环球童话城之安徒生童话,1,120,false,国创
44241,玩具之家,1,120,false,国创
44290,少年师爷之稽山阳明,1,120,false,国创
46839,故事小号手,1,120,false,国创
72954, 新大头儿子和小头爸爸 除夕·白夜城,1,120,false,少儿
6090,《麦田故事：地理》,1,120,false,国创
44913,大话江湖录 第一季,1,120,false,国创
46992,百变雄师 第四季,1,120,false,国创
38328,山猫和吉咪之快乐篇,1,120,false,国创
46893,嘀嗒传奇,1,120,false,国创
102888,开局一条鲲 动态漫,1,120,false,动态漫
38555,霹雳天越,1,120,false,国创
126308,星空救援队,1,120,false,国创
124951,呼噜噜幻影队 第1季,1,120,false,国创
44272,叽里咕噜讲故事,1,120,false,国创
28445,郑义门,1,120,false,国创
124983,小河狸贝瓦动画片,1,120,false,国创
123447,百变校巴8,1,120,false,少儿
148585,我从氪金成为王者 动态漫,1,120,false,动态漫
46998,托宝战士之我教你画,1,120,false,少儿
123260,小学生必背古诗词 第一季,1,120,false,国创
46769,空天战队,1,120,false,国创
99794,跳跳鱼世界故事会,1,120,false,少儿
27925,霹雳靖玄录（闽南语）,1,120,false,国创
28378,霹雳靖玄录下阕（闽南语）,1,120,false,国创
72553,儿童小百科,1,120,false,国创
46823,黑云国历险记,1,120,false,国创
46810,神鸡包美丽 第二季,1,120,false,国创
46914,少年师爷之越地传说,1,120,false,国创
46890,杰米熊之魔瓶大冒险,1,120,false,少儿
44255,平平与妞妞,1,120,false,国创
38311,飞跃地心,1,120,false,电影
46978,阿U学堂之中华诗词篇,1,120,false,国创
46795,成长这东西 第二季,1,120,false,国创
123499,百变校巴儿歌4,1,120,false,少儿
72565,水果三国,1,120,false,国创
123492,百变校巴儿歌6,1,120,false,少儿
47395,奶泡泡学成语 第二季,1,120,false,国创
44300,棉花糖和云朵妈妈褔鼠送吉,1,120,false,少儿
126470,猛兽战警,1,120,false,国创
38324,聪明宠物蛋之奇幻旅程,1,120,false,国创
6490,霹雳天命之战祸邪神（闽南语）,1,120,false,国创
38135,老鼠笔记之行游天下,1,120,false,国创
88096,神探威威猫,1,120,false,国创
45670,马兰花,1,120,false,电影
44345,智慧岛传奇,1,120,false,国创
72567,奇奇妙妙博物馆,1,120,false,国创
72557,淘气猪多多之我爱画画 第四季,1,120,false,国创
46975,药品安全科普动画2,1,120,false,国创
125018,蓝猫MTV,1,120,false,少儿
45066,福喜临门,1,120,false,国创
72673,猪猪侠爆笑科普乐园,1,120,false,少儿
47031,非常小子马鸣加 第二季,1,120,false,国创
44349,海豚帮帮号 第四季,1,120,false,少儿
47963,小诗人,1,120,false,电影
126426,翻开这一页 第3季,1,120,false,国创
48019,百工灵,1,120,false,国创
38349,嘻哈三人行,1,120,false,国创
44331,小豆派派亲子园之情景认字,1,120,false,少儿
40474,火星娃健康成长,1,120,false,少儿
47611,怪城,1,120,false,国创
44355,跳跳鱼世界 第四季,1,120,false,少儿
127095,神奇画笔之恐龙世界,1,120,false,国创
46835,神奇飞船之中华寻宝,1,120,false,国创
44237,恐龙可可,1,120,false,少儿
44346,海豚帮帮号 第一季,1,120,false,少儿
45959,第九纪元之回溯列车,1,120,false,国创
123513,百变校巴之奇妙大自然5,1,120,false,少儿
44425,大明王朝 第九季,1,120,false,国创
72784,趣说中华名人故事 第1季,1,120,false,国创
123476,百变校巴之星际旅行5,1,120,false,少儿
38701,霹雳朝灵阙,1,120,false,国创
46974,阿优的日常,1,120,false,国创
39940,太阳的小客人,1,120,false,电影
68562,五侠笑闯中洲,1,120,false,国创
72925,山海宝贝,1,120,false,国创
72562,彩虹森林的故事 第2季,1,120,false,国创
72561,猪多多之十万个为什么 第1季,1,120,false,国创
123500,百变校巴儿歌5,1,120,false,少儿
44273,酷宝家族之小兔西欧,1,120,false,少儿
119016,尚善,1,120,false,国创
46779,魔法城,1,120,false,国创
44395,小猴眯乐之点亮梦想,1,120,false,国创
88141,乐比悠悠教育系列2,1,120,false,少儿
38428,云龙传奇之九龙战记,1,120,false,国创
40202,怪物公寓之友情篇章,1,120,false,国创
39768,两只小孔雀,1,120,false,电影
44246,开心豆豆之萌娃日记,1,120,false,国创
47664,中华美德,1,120,false,国创
123446,百变校巴7,1,120,false,少儿
40806,中华传统文化故事·节庆篇,1,120,false,国创
25478,霹雳天命之战祸邪神（普通话）,1,120,false,国创
46875,漫虫记 第二季,1,120,false,国创
24341,霹雳天命之仙魔鏖锋（闽南语）,1,120,false,国创
123498,百变校巴儿歌3,1,120,false,少儿
123475,百变校巴之星际旅行4,1,120,false,少儿
72548,小羊哈哈童年日记之礼仪篇,1,120,false,国创
44283,智慧成长蛋蛋龙,1,120,false,国创
124453,超能小星探,1,120,false,国创
118920,百日成王,1,120,false,国创
149531,从婴儿开始的先天圣族 动态漫,1,120,false,动态漫
47396,奶泡泡学成语 第三季,1,120,false,国创
39891,特工兔之神秘的网站,1,120,false,国创
40229,小康来了第二季,1,120,false,国创
38542,蓝巨星与绿豆鲨 第二季,1,120,false,国创
123473,百变校巴之星际旅行2,1,120,false,少儿
46709,三国典故 第一季,1,120,false,国创
47026,航天小子之少年航天梦,1,120,false,国创
44280,水木名著之旅,1,120,false,国创
44274,酷宝家族之小兔西欧2,1,120,false,少儿
44230,蔬菜不寂寞 第28季,1,120,false,少儿
46973,药品安全科普动画,1,120,false,国创
44347,海豚帮帮号 第二季,1,120,false,少儿
46898,贝奇的一家,1,120,false,国创
38527,爱画画的嘟噜瓜,1,120,false,国创
46766,星际小蚂蚁之五行归来,1,120,false,国创
44400,中国熊猫之保卫家园,1,120,false,国创
47017,星际小蚂蚁之环球追梦 第一季,1,120,false,国创
47011,云奇飞行日记 第二季,1,120,false,国创
72723,梦幻乐园奇遇记,1,120,false,国创
72782,菠萝王国,1,120,false,国创
124955,儿童健康指南 第1季,1,120,false,国创
45472,环游地球八十天,1,120,false,电影
72948,棉花糖和云朵妈妈超级小米花,1,120,false,少儿
46977,药品安全科普动画3,1,120,false,国创
72785,中华上下五千年之传统节日篇,1,120,false,国创
43787,阿古顿巴的故事 第一季,1,120,false,国创
39763,小白鸽,1,120,false,电影
72543,一千零一夜之拯救黄金城,1,120,false,国创
126188,行游记 第1季,1,120,false,国创
38880,小戒别淘气 第二季,1,120,false,少儿
44285,抱抱我,1,120,false,国创
44263,启鱼·成语故事 古物篇,1,120,false,国创
47397,奶泡泡学成语 第四季,1,120,false,国创
43797,蔬菜不寂寞 第3季,1,120,false,少儿
46834,豫游记之信阳篇,1,120,false,国创
5759,娇娇与晶晶,1,120,false,国创
38166,奥运趣闻,1,120,false,国创
72941,青田小田鱼,1,120,false,国创
6025,霹雳侠影之轰定干戈（闽南语）,1,120,false,国创
44275,如意酷宝之冻豆虎,1,120,false,国创
124936,折叠的唐诗,1,120,false,国创
123497,百变校巴儿歌2,1,120,false,少儿
46874,聪明小师爷 第一季,1,120,false,国创
39911,亚博和温丽的疑问,1,120,false,国创
235975,奔跑的木头,1,120,false,国创
72564,杰米熊之神话图卷,1,120,false,少儿
46926,熊猫与小象,1,120,false,国创
46842,奇妙大冒险,1,120,false,国创
44251,巧手鲁班智慧宝盒,1,120,false,国创
123514,百变校巴之奇妙大自然6,1,120,false,少儿
124609,儿童安全教育,1,120,false,国创
40480,杰米熊之甜心集结号,1,120,false,少儿
40235,动物园真相 第二季,1,120,false,国创
43925,月亮宝宝蒙奇,1,120,false,国创
40518,乐晓佳节,1,120,false,国创
46984,快乐摩登之宝贝小当家,1,120,false,国创
38485,多宝一家人 第二季 智慧论语,1,120,false,国创
40089,小鼠乒乒之成语大典,1,120,false,国创
72781,嘀嗒传奇 第2季,1,120,false,国创
44281,小兔班弟之海岛探险记,1,120,false,少儿
43994,大王日记,1,120,false,国创
125979,快乐宝贝哆米成长记,1,120,false,国创
44348,海豚帮帮号 第三季,1,120,false,少儿
123510,百变校巴之奇妙大自然2,1,120,false,少儿
44351,鲁迪贝贝,1,120,false,国创
46985,爹地宝贝之神奇哈酷,1,120,false,国创
44253,嗨，顾得白之逗趣日常,1,120,false,国创
43578,金刚山猫侠,1,120,false,国创
38650,小戒别淘气 ,1,120,false,少儿
126928,中华美德故事 诚信篇,1,120,false,国创
6028,霹雳开天记之创神篇（闽南语）,1,120,false,国创
44261,淘气猪多多,1,120,false,国创
124921,咔咔历险记 第1季,1,120,false,国创
38941,温州那些事,1,120,false,国创
47660,土红色的骆驼,1,120,false,国创
42420,云之子,1,120,false,电影
44265,天天爱学习,1,120,false,国创
47609,民族风情,1,120,false,国创
46866,瑞克和扣扣财商启蒙 第一季,1,120,false,国创
102864,相亲式修真道侣 动态漫,1,120,false,动态漫
40122,阿古顿巴,1,120,false,国创
35707,草原英雄小姐妹,1,120,false,电影
46814,小鸭啾啾,1,120,false,国创
6024,霹雳侠影之轰动武林（闽南语）,1,120,false,国创
124958,你追我赶搏一搏,1,120,false,国创
72563,漫赏秦腔 第2季,1,120,false,国创
45696,乐乐熊奇幻追踪2,1,120,false,电影
46900,乐比成长记,1,120,false,国创
6032,霹雳狼烟之万堺尘涛（闽南语）,1,120,false,国创
38287,鸭丫俱乐部,1,120,false,国创
46956,百鸟朝凤,1,120,false,国创
72685,怪兽家族,1,120,false,国创
72573,漫赏秦腔 第1季,1,120,false,国创
38997,红影一脉之一大文物背后的故事,1,120,false,国创
43920,星际小蚂蚁之公益大使系列动画,1,120,false,国创
38274,笨笨悠游记,1,120,false,国创
44284,追梦少年,1,120,false,国创
124985,哈哈!地球人 第1季,1,120,false,国创
99797,精灵蒲公英,1,120,false,国创
38302,奇趣世界,1,120,false,国创
44328,小鱼人莫叽姆斯一家 第七季,1,120,false,国创
6027,霹雳侠影之轰霆剑海录（闽南语）,1,120,false,国创
72569,飞越五千年 第2季,1,120,false,国创
125173,蓝猫互动电视栏目,1,120,false,少儿
47030,瓢虫贝贝之拯救古树镇,1,120,false,国创
40087,小鼠乒乒之欢乐无限,1,120,false,国创
38150,爆笑功夫,1,120,false,国创
39913,小乐比,1,120,false,国创
44264,叽哩与咕噜,1,120,false,国创
38205,月亮镇的宝藏,1,120,false,国创
72924,半蛋龙,1,120,false,国创
72552,探索生活小百科,1,120,false,国创
44363,仙女奇缘,1,120,false,国创
123474,百变校巴之星际旅行3,1,120,false,少儿
72780,宝宝乐学堂之欢乐大拼盘,1,120,false,少儿
46865,秦天龙王子,1,120,false,国创
41867,绿绿星球之绿绿战队,1,120,false,国创
127283,蓝猫小学科学,1,120,false,少儿
118964,良药,1,120,false,国创
103017,山海封神 动态漫,1,120,false,动态漫
45533,格兰特船长的儿女,1,120,false,电影
44402,小小机器人 第一季,1,120,false,国创
38504,我要回家 第二季,1,120,false,国创
47510,鹿铃,1,120,false,国创
47018,星际小蚂蚁之环球追梦 第二季,1,120,false,国创
38341,开心私塾,1,120,false,国创
72571,爸爸妈妈小时候的故事,1,120,false,国创
72696,风速少年团 第1季,1,120,false,国创
6033,霹雳狼烟之古原爭霸,1,120,false,国创
38186,酷酷小吉正传之钩钩岛第二部,1,120,false,国创
127281,蓝猫小学音乐,1,120,false,少儿
46787,出动 安全救援号 第一季,1,120,false,国创
46755,妙趣横生故事汇,1,120,false,国创
38971,嗨，顾得白 第1部,1,120,false,国创
126312,帮帮团向前冲,1,120,false,国创
44314,威威猴之青春防线,1,120,false,国创
46841,哈哈熊之时空探险,1,120,false,国创
6026,霹雳侠影之轰掣天下（闽南语）,1,120,false,国创
46762,派乐萌奇 第一季,1,120,false,国创
74413,东方探秘谷之千年寓言府,1,120,false,国创
45535,倔强的凯拉班,1,120,false,电影
75235,百日成财,1,120,false,国创
72814,开心动物园 第3季,1,120,false,国创
43970,山猫和吉咪之魔幻拼图,1,120,false,国创
6029,霹雳开天记之创神篇下阕（闽南语）,1,120,false,国创
46892,威力成长记,1,120,false,国创
72778,宝宝乐学堂之智慧大挑战,1,120,false,少儿
72934,大运河奇缘3,1,120,false,国创
72816,大侦探熊猫猪,1,120,false,国创
44236,欢乐小镇,1,120,false,国创
47038,越笑越开心,1,120,false,国创
46901,快乐猫咪成长日记,1,120,false,国创
43986,蔬菜不寂寞 第22季,1,120,false,少儿
102887,最强神赐 动态漫,1,120,false,动态漫
123464,反斗联萌2,1,120,false,国创
72544,中医药里的故事 第1季,1,120,false,国创
102872,圣尊助理的我已经无敌了 动态漫,1,120,false,动态漫
126398,橙皮兔之恐龙大揭秘,1,120,false,国创
44361,延安童谣,1,120,false,少儿
43794,欢乐之城5,1,120,false,国创
123741,微风吹过衔蝉岛,1,120,false,国创
44243,蛋蛋龙之安全宝典,1,120,false,国创
43785,蔬菜不寂寞 第19季,1,120,false,少儿
39858,喵喵遇见汪 第一季,1,120,false,国创
3679,超能星之时空英雄,1,120,false,国创
44228,蔬菜不寂寞 第24季,1,120,false,少儿
72676,乐儿智慧乐园 世界各国,1,120,false,国创
43793,欢乐之城4,1,120,false,国创
38272,笨笨悠游记之麻辣夏令营,1,120,false,国创
72725,闪亮闪亮太伶美 第1季,1,120,false,国创
43971,山猫和吉咪之拼图密码,1,120,false,国创
72819,欢乐小狮子,1,120,false,国创
6030,霹雳谜城之九轮异谱（闽南语）,1,120,false,国创
46719,中华民间故事 第一季,1,120,false,国创
72542,小猫威力之亲子时光,1,120,false,国创
44260,淘气猪多多 第二季,1,120,false,国创
46728,探险中的小百科,1,120,false,国创
39769,山伢仔,1,120,false,电影
119017,万古至尊：李云霄传,1,120,false,国创
44252,嗨，顾得白之缤纷夏日,1,120,false,国创
38210,俏皮大嘴猫之重返城市,1,120,false,国创
44231,蔬菜不寂寞 第29季,1,120,false,少儿
47009,潮玩情报站之锦江神兽金刚,1,120,false,少儿
45537,警犬救护队,1,120,false,电影
39855,池塘王子,1,120,false,国创
124932,火火兔 第2季,1,120,false,国创
124452,卫浴也疯狂,1,120,false,国创
44249,百变小加之小加向前冲,1,120,false,国创
41866,绿绿星球之绿绿卫士,1,120,false,国创
46832,猪多多成长日记 第二季,1,120,false,国创
43918,环球夺宝记,1,120,false,国创
46976,北斗领航梦想,1,120,false,国创
46741,欢乐学院 第一季,1,120,false,国创
43929,艾米咕噜 第二季,1,120,false,国创
38387,梦幻镇 3D版,1,120,false,国创
72593,罗米熊与丹米兔,1,120,false,国创
72546,快乐小郑星 第2季,1,120,false,国创
72728,闪亮闪亮太伶美 第2季,1,120,false,国创
74402,新梁山伯与祝英台,1,120,false,国创
72900,论语智慧,1,120,false,国创
44282,优优历险记,1,120,false,国创
72943,快乐熊兜兜之奇妙世界,1,120,false,国创
44258,蓓蓓的快乐暑假 第二季,1,120,false,国创
126919,小主人之正义联盟 第1季,1,120,false,国创
88101,神探威威猫 第5季,1,120,false,国创
40477,火星娃之古代大家故事,1,120,false,少儿
47929,出口,1,120,false,电影
126917,猴博士的数学课堂,1,120,false,国创
45571,中国畅想曲,1,120,false,国创
47606,大森林里的小故事,1,120,false,国创
38285,过山车手罗力第一部,1,120,false,国创
44233,蔬菜不寂寞 第5季,1,120,false,少儿
72929,嘟嘟小分队,1,120,false,国创
46241,猪猪侠益智课堂4,1,120,false,少儿
38487,玉琉璃,1,120,false,国创
39938,湖上歌舞,1,120,false,电影
124987,哈哈!地球人 第2季,1,120,false,国创
124926,豆乐国学小剧场,1,120,false,国创
46768,甜甜圈宝贝之赛车小镇,1,120,false,国创
46902,小兔奥奥,1,120,false,国创
44271,虫屋森林,1,120,false,国创
123471,百变校巴之星际旅行1,1,120,false,少儿
39825,人参娃娃,1,120,false,电影
38198,木头村,1,120,false,国创
43928,艾米咕噜,1,120,false,国创
39889,特工兔,1,120,false,国创
123459,百变校巴益智课堂1,1,120,false,少儿
39971,蔬菜不寂寞 第26季,1,120,false,少儿
48181,阿狸,1,120,false,电影
44329,小鱼人莫叽姆斯一家 第八季,1,120,false,国创
47607,聪明的笨小猪,1,120,false,国创
39058,梦舟少年志第一季 上古传奇,1,120,false,国创
40525,花狐狸与捣蛋鸭,1,120,false,国创
72550,成语诗词荟萃,1,120,false,国创
38288,嘻哈百乐门,1,120,false,国创
38169,开心神探,1,120,false,国创
124478,天才小鲁班,1,120,false,国创
40526,鸭爸爸的一家,1,120,false,国创
46830,蛋宝宝日记,1,120,false,国创
123261,小学生必背古诗词 第二季,1,120,false,国创
72940,我是发明家 第3季,1,120,false,国创
39762,芦荡小英雄,1,120,false,电影
47025,逗逗虎汉字大学堂,1,120,false,国创
124590,踢踢和奇奇之魔力课堂,1,120,false,国创
32535,济公斗蟋蟀,1,120,false,电影
40091,小鼠乒乒之成语大典2,1,120,false,国创
124562,百变马丁我爱古诗词 第1季,1,120,false,少儿
46775,淘气猪多多之我爱画画 第二季,1,120,false,国创
35722,李科长巧难炊事班,1,120,false,电影
46819,逗趣双宝,1,120,false,国创
124573,百变马丁字乐星ABC,1,120,false,少儿
44384,森林音乐日记 第二季,1,120,false,国创
72809,小神有戏 第1季,1,120,false,国创
46582,桃花扇,1,120,false,电影
38263,宝贝疙瘩丁呱呱,1,120,false,国创
99795,米乐米可之欢乐海豚岛 第二季,1,120,false,国创
44248,蛋蛋龙之科普小宝典,1,120,false,国创
44244,果蔬乐园保卫战,1,120,false,国创
39970,寻找英雄-小淘气长征记,1,120,false,国创
126449,糖小兔,1,120,false,国创
43788,阿古顿巴的故事 第二季,1,120,false,国创
72533,小猫威力之快乐的小伙伴,1,120,false,国创
126954,羊娃娃和汉语拼音,1,120,false,少儿
46816,快乐小村庄,1,120,false,国创
126479,快乐蓝猫CPU,1,120,false,少儿
46833,淘淘与小布,1,120,false,国创
44259,小兔班弟之返航总动员,1,120,false,少儿
38209,俏皮大嘴猫之城市游侠,1,120,false,国创
47648,三十六计奇遇记,1,120,false,国创
47016,家有男孩,1,120,false,国创
72559,丫丫的日常百科 第4季,1,120,false,国创
39914,小乐比（下）,1,120,false,国创
44417,欢乐森林,1,120,false,国创
44279,生肖宝贝,1,120,false,国创
40555,930街区,1,120,false,国创
72817,开心动物园 第1季,1,120,false,国创
126902,儿歌课堂,1,120,false,少儿
126422,孔小妮和朋友们 第1季,1,120,false,国创
72558,中华廉政故事 第1季,1,120,false,国创
72768,小蜜蜂 第3季,1,120,false,少儿
46580,年,1,120,false,电影
38624,福星八戒之大年小怪,1,120,false,国创
127152,金牌帮帮帮 第1季,1,120,false,国创
46868,瑞克和扣扣古诗里的小百科 动物篇,1,120,false,国创
43922,小恐龙文明礼仪小分队,1,120,false,国创
46712,欢乐学院 第二季,1,120,false,国创
44226,蔬菜不寂寞 第20季,1,120,false,少儿
38623,福星八戒之猴年特辑,1,120,false,国创
39978,你好！卟卟1,1,120,false,国创
38208,俏皮大嘴猫之萌宠天下,1,120,false,国创
38972,嗨，顾得白 第2部,1,120,false,国创
44266,小小搭档,1,120,false,国创
72739,公众应急知识,1,120,false,国创
47666,猪猪·吉利·小财神,1,120,false,国创
72908,中华优秀传统文化系列动画片之中医药的故事,1,120,false,国创
123548,风速少年团 第2季,1,120,false,国创
40227,甜蜜日记,1,120,false,国创
45411,星期五晚上的胡萝卜,1,120,false,电影
124572,百变马丁我爱古诗词 第6季,1,120,false,少儿
44232,蔬菜不寂寞 第4季,1,120,false,少儿
72815,开心动物园 第2季,1,120,false,国创
36189,蜜蜂与蚯蚓,1,120,false,电影
72951,棉花糖和云朵妈妈 美梦成真,1,120,false,少儿
126392,粉墨宝贝,1,120,false,国创
46812,生物王国奇幻之旅,1,120,false,国创
38273,笨笨悠游记之穿越华夏,1,120,false,国创
125174,跟蓝猫学唱英语歌,1,120,false,少儿
46876,好伙伴,1,120,false,国创
43930,艾米咕噜 第三季,1,120,false,国创
39844,一棵大白菜,1,120,false,电影
44367,宝宝乐学堂之幸福加油站,1,120,false,少儿
126923,环球大冒险之中国篇,1,120,false,国创
47021,逗逗虎数学王国,1,120,false,国创
124591,踢踢和奇奇之魔力课堂 第2季,1,120,false,国创
47610,风尘小游侠,1,120,false,国创
99771,幸福一家,1,120,false,国创
44405,九龙湖的故事,1,120,false,国创
72526,快乐熊猫一家人 第1季,1,120,false,国创
72519,蔬菜不寂寞 第46季,1,120,false,少儿
72945,鹿宝贝朗迪,1,120,false,国创
124995,哈哈大冒险 第2季,1,120,false,国创
72568,晓晓成长日记 第二季,1,120,false,国创
154077,大宋喵喵志,1,120,false,国创
38116,聪明伦文叙第二季,1,120,false,国创
38216,巢湖漫游记,1,120,false,国创
127280,少年王阳明,1,120,false,国创
72801,喷喷象小百科之交通篇,1,120,false,国创
38206,俏皮大嘴猫之悠长假期,1,120,false,国创
38212,星球卫士,1,120,false,国创
46731,熊猫点点 第二季,1,120,false,国创
88098,神探威威猫 第3季,1,120,false,国创
46767,甜甜圈宝贝之功夫学院,1,120,false,国创
46905,高老师的七彩课堂 第二季,1,120,false,国创
38306,书架上的奇妙世界,1,120,false,国创
38956,嗨，顾得白之快乐成长,1,120,false,国创
47046,淮南子传奇 第二季,1,120,false,国创
39915,奇趣大世界,1,120,false,国创
44370,大运河奇缘2,1,120,false,国创
72807,土波兔之暖暖家风,1,120,false,国创
126922,小主人之正义联盟 第2季,1,120,false,国创
72532,神奇小队之我爱画画 第3季,1,120,false,国创
46811,快乐小郑星,1,120,false,国创
47045,幸福在身边 当代雷锋郭明义的故事 第二季,1,120,false,国创
39972,蔬菜不寂寞 第25季,1,120,false,少儿
124996,哈哈大冒险 第3季,1,120,false,国创
88099,神探威威猫 第4季,1,120,false,国创
44360,超能记忆小精灵,1,120,false,国创
44292,飞天少年之启航篇,1,120,false,国创
124593,踢踢和奇奇之魔力课堂 第3季,1,120,false,国创
88112,阿法贝乐园,1,120,false,国创
46808,蔬菜不寂寞 第四十二季,1,120,false,少儿
39885,你好！卟卟2,1,120,false,国创
6031,霹雳狼烟之九轮燎原（闽南语）,1,120,false,国创
39979,喵喵遇见汪 第二季,1,120,false,国创
126175,少年曹操,1,120,false,国创
124990,哈哈!地球人 第3季,1,120,false,国创
44341,梦境小镇,1,120,false,国创
44928,为什么留鸟会飞离海岸,1,120,false,电影
127222,唐诗精选,1,120,false,国创
36187,布谷鸟叫迟了,1,120,false,电影
72808,土波兔之酷酷智能,1,120,false,国创
44342,小熊尼奥之环球旅行,1,120,false,国创
126396,橙皮兔之吃货岛,1,120,false,国创
72788,彩虹森林的故事 第3季,1,120,false,国创
36186,一幅僮锦,1,120,false,电影
101731,龅牙的快乐生活,1,120,false,国创
72909,中华优秀传统文化系列动画片 第2季,1,120,false,国创
125148,乐比大冒险 第1季,1,120,false,国创
45390,每天朝山顶推一秒的石头,1,120,false,电影
127263,蓝猫乐园 病毒防御战,1,120,false,少儿
72554,小豆的微观世界,1,120,false,国创
124993,哈哈大冒险 第1季,1,120,false,国创
127264,蓝猫乐园 运动向前冲,1,120,false,少儿
38359,狮来运转 第一季,1,120,false,国创
126964,可乐豆妙思,1,120,false,国创
44257,蓓蓓的快乐暑假 第一季,1,120,false,国创
72800,中华名人小课堂孔子篇,1,120,false,国创
44330,小豆派派亲子园之情商培优,1,120,false,少儿
36219,木头姑娘,1,120,false,电影
47608,咕噜先生,1,120,false,国创
46855,么么侠 时空战医,1,120,false,国创
39799,鸽子,1,120,false,电影
44234,蔬菜不寂寞 第6季,1,120,false,少儿
99752,彩虹熊之激战幻影怪,1,120,false,少儿
38925,灰仔兔带你飞,1,120,false,国创
72795,丫丫的日常百科 第3季,1,120,false,国创
72917,豆豆一家人,1,120,false,国创
43781,蔬菜不寂寞 第15季,1,120,false,少儿
39082,开心1刻,1,120,false,国创
40529,草原豆思之夺宝奇兵,1,120,false,国创
72939,我是发明家 第2季,1,120,false,国创
99777,幸福一家之幸福满满,1,120,false,国创
40522,勇敢智慧鸭,1,120,false,国创
46715,小鸡丫丫的日常百科 第二季,1,120,false,少儿
40216,少年张謇,1,120,false,国创
123546,闪亮闪亮太伶美 第3季,1,120,false,国创
46862,萌马吼吼,1,120,false,国创
41001,绿绿星球之绿绿家族,1,120,false,国创
72566,彭祖传奇之少年奇缘,1,120,false,国创
126161,爸爸抱抱,1,120,false,国创
126587,乐比悠悠大洋环游记,1,120,false,少儿
46986,奇酷宝贝之大爱无疆,1,120,false,国创
47540,巴塔木晚安故事 第一季,1,120,false,国创
46877,繁花似锦,1,120,false,国创
126159,小邑时空传,1,120,false,国创
46702,槑好时光·城南忆事,1,120,false,国创
127260,蓝猫乐园 快乐好习惯,1,120,false,少儿
124943,中国文学常识之人物篇 第1季,1,120,false,国创
124999,哈哈大冒险 第4季,1,120,false,国创
36193,猴龟分树,1,120,false,电影
123530,墨宝家族,1,120,false,国创
126884,少儿国际象棋课堂,1,120,false,国创
44408,小猪天天奇遇记,1,120,false,少儿
41783,求我的心理阴影面积,1,120,false,电影
35853,等明天,1,120,false,电影
47653,财宝小狐狸,1,120,false,国创
42414,伞下,1,120,false,电影
72530,神奇小队之我爱画画 第2季,1,120,false,国创
72529,神奇小队之我爱画画,1,120,false,国创
47036,五子炮 渊子崖保卫战,1,120,false,国创
38977,小鱼人莫叽姆斯一家 第六季,1,120,false,国创
